0 verbose cli C:\Program Files\nodejs\node.exe C:\Users\ASUS\AppData\Roaming\npm\node_modules\npm\bin\npm-cli.js
1 info using npm@11.7.0
2 info using node@v22.16.0
3 silly config load:file:C:\Users\ASUS\AppData\Roaming\npm\node_modules\npm\npmrc
4 silly config load:file:C:\Railan\New folder\tabungin\.npmrc
5 silly config load:file:C:\Users\ASUS\.npmrc
6 silly config load:file:C:\Users\ASUS\AppData\Roaming\npm\etc\npmrc
7 verbose title npm install @testsprite/testsprite-mcp@latest
8 verbose argv "install" "--save-dev" "@testsprite/testsprite-mcp@latest" "--cache" ".npm-cache"
9 verbose logfile logs-max:10 dir:C:\Railan\New folder\tabungin\.npm-cache\_logs\2026-04-01T15_33_48_690Z-
10 verbose logfile C:\Railan\New folder\tabungin\.npm-cache\_logs\2026-04-01T15_33_48_690Z-debug-0.log
11 silly logfile done cleaning log files
12 silly packumentCache heap:4345298944 maxSize:1086324736 maxEntrySize:543162368
13 silly packumentCache corgi:https://registry.npmjs.org/@testsprite%2ftestsprite-mcp cache-miss
14 http fetch GET 200 https://registry.npmjs.org/@testsprite%2ftestsprite-mcp 304ms (cache miss)
15 silly packumentCache corgi:https://registry.npmjs.org/@testsprite%2ftestsprite-mcp set size:undefined disposed:false
16 silly idealTree buildDeps
17 silly fetch manifest @testsprite/testsprite-mcp@0.0.36
18 silly packumentCache full:https://registry.npmjs.org/@testsprite%2ftestsprite-mcp cache-miss
19 http fetch GET 200 https://registry.npmjs.org/npm 757ms
20 http fetch GET 200 https://registry.npmjs.org/@testsprite%2ftestsprite-mcp 111ms (cache miss)
21 silly packumentCache full:https://registry.npmjs.org/@testsprite%2ftestsprite-mcp set size:undefined disposed:false
22 silly placeDep ROOT @testsprite/testsprite-mcp@0.0.36 OK for:  want: 0.0.36
23 silly fetch manifest @datadog/browser-rum@^6.25.0
24 silly packumentCache full:https://registry.npmjs.org/@datadog%2fbrowser-rum cache-miss
25 silly fetch manifest @datadog/browser-rum-react@^6.25.0
26 silly packumentCache full:https://registry.npmjs.org/@datadog%2fbrowser-rum-react cache-miss
27 silly fetch manifest @llmcode/yamux-ts@^0.0.2
28 silly packumentCache full:https://registry.npmjs.org/@llmcode%2fyamux-ts cache-miss
29 silly fetch manifest @modelcontextprotocol/sdk@^1.15.0
30 silly packumentCache full:https://registry.npmjs.org/@modelcontextprotocol%2fsdk cache-miss
31 silly fetch manifest axios@^1.7.7
32 silly packumentCache full:https://registry.npmjs.org/axios cache-miss
33 silly fetch manifest cli-progress@^3.12.0
34 silly packumentCache full:https://registry.npmjs.org/cli-progress cache-miss
35 silly fetch manifest commander@^14.0.0
36 silly packumentCache full:https://registry.npmjs.org/commander cache-miss
37 http fetch GET 200 https://registry.npmjs.org/@datadog%2fbrowser-rum-react 86ms (cache miss)
38 silly packumentCache full:https://registry.npmjs.org/@datadog%2fbrowser-rum-react set size:undefined disposed:false
39 silly fetch manifest conf@^13.1.0
40 silly packumentCache full:https://registry.npmjs.org/conf cache-miss
41 http fetch GET 200 https://registry.npmjs.org/cli-progress 186ms (cache miss)
42 silly packumentCache full:https://registry.npmjs.org/cli-progress set size:undefined disposed:false
43 silly fetch manifest express@^5.1.0
44 silly packumentCache full:https://registry.npmjs.org/express cache-miss
45 http fetch GET 200 https://registry.npmjs.org/@datadog%2fbrowser-rum 205ms (cache miss)
46 silly packumentCache full:https://registry.npmjs.org/@datadog%2fbrowser-rum set size:undefined disposed:false
47 silly fetch manifest fs-extra@^11.3.0
48 silly packumentCache full:https://registry.npmjs.org/fs-extra cache-miss
49 http fetch GET 200 https://registry.npmjs.org/@modelcontextprotocol%2fsdk 223ms (cache miss)
50 silly packumentCache full:https://registry.npmjs.org/@modelcontextprotocol%2fsdk set size:undefined disposed:false
51 silly fetch manifest http-proxy@^1.18.1
52 silly packumentCache full:https://registry.npmjs.org/http-proxy cache-miss
53 http fetch GET 200 https://registry.npmjs.org/conf 166ms (cache miss)
54 silly packumentCache full:https://registry.npmjs.org/conf set size:undefined disposed:false
55 silly fetch manifest iconv-lite@^0.7.2
56 silly packumentCache full:https://registry.npmjs.org/iconv-lite cache-miss
57 http fetch GET 200 https://registry.npmjs.org/express 139ms (cache miss)
58 silly packumentCache full:https://registry.npmjs.org/express set size:undefined disposed:false
59 silly fetch manifest jschardet@^3.1.4
60 silly packumentCache full:https://registry.npmjs.org/jschardet cache-miss
61 http fetch GET 200 https://registry.npmjs.org/fs-extra 134ms (cache miss)
62 silly packumentCache full:https://registry.npmjs.org/fs-extra set size:undefined disposed:false
63 silly fetch manifest markdown-it@^14.1.0
64 silly packumentCache full:https://registry.npmjs.org/markdown-it cache-miss
65 http fetch GET 200 https://registry.npmjs.org/axios 354ms (cache miss)
66 silly packumentCache full:https://registry.npmjs.org/axios set size:undefined disposed:false
67 silly fetch manifest multer@^2.0.1
68 silly packumentCache full:https://registry.npmjs.org/multer cache-miss
69 http fetch GET 200 https://registry.npmjs.org/http-proxy 156ms (cache miss)
70 silly packumentCache full:https://registry.npmjs.org/http-proxy set size:undefined disposed:false
71 silly fetch manifest proper-lockfile@^4.1.2
72 silly packumentCache full:https://registry.npmjs.org/proper-lockfile cache-miss
73 http fetch GET 200 https://registry.npmjs.org/commander 395ms (cache miss)
74 silly packumentCache full:https://registry.npmjs.org/commander set size:undefined disposed:false
75 silly fetch manifest simple-git@^3.28.0
76 silly packumentCache full:https://registry.npmjs.org/simple-git cache-miss
77 http fetch GET 200 https://registry.npmjs.org/iconv-lite 149ms (cache miss)
78 silly packumentCache full:https://registry.npmjs.org/iconv-lite set size:undefined disposed:false
79 silly fetch manifest socks@^2.8.4
80 silly packumentCache full:https://registry.npmjs.org/socks cache-miss
81 http fetch GET 200 https://registry.npmjs.org/markdown-it 103ms (cache miss)
82 silly packumentCache full:https://registry.npmjs.org/markdown-it set size:undefined disposed:false
83 silly fetch manifest ws@^8.19.0
84 silly packumentCache full:https://registry.npmjs.org/ws cache-miss
85 http fetch GET 200 https://registry.npmjs.org/proper-lockfile 75ms (cache miss)
86 silly packumentCache full:https://registry.npmjs.org/proper-lockfile set size:undefined disposed:false
87 silly fetch manifest zod-to-json-schema@^3.25.0
88 silly packumentCache full:https://registry.npmjs.org/zod-to-json-schema cache-miss
89 http fetch GET 200 https://registry.npmjs.org/multer 101ms (cache miss)
90 silly packumentCache full:https://registry.npmjs.org/multer set size:undefined disposed:false
91 http fetch GET 200 https://registry.npmjs.org/socks 100ms (cache miss)
92 silly packumentCache full:https://registry.npmjs.org/socks set size:undefined disposed:false
93 http fetch GET 200 https://registry.npmjs.org/@llmcode%2fyamux-ts 548ms (cache miss)
94 silly packumentCache full:https://registry.npmjs.org/@llmcode%2fyamux-ts set size:undefined disposed:false
95 http fetch GET 200 https://registry.npmjs.org/ws 132ms (cache miss)
96 silly packumentCache full:https://registry.npmjs.org/ws set size:undefined disposed:false
97 http fetch GET 200 https://registry.npmjs.org/zod-to-json-schema 162ms (cache miss)
98 silly packumentCache full:https://registry.npmjs.org/zod-to-json-schema set size:undefined disposed:false
99 http fetch GET 200 https://registry.npmjs.org/simple-git 235ms (cache miss)
100 silly packumentCache full:https://registry.npmjs.org/simple-git set size:undefined disposed:false
101 http fetch GET 200 https://registry.npmjs.org/jschardet 566ms (cache miss)
102 silly packumentCache full:https://registry.npmjs.org/jschardet set size:undefined disposed:false
103 silly fetch manifest @datadog/browser-logs@6.32.0
104 silly packumentCache full:https://registry.npmjs.org/@datadog%2fbrowser-logs cache-miss
105 http fetch GET 200 https://registry.npmjs.org/@datadog%2fbrowser-logs 695ms (cache miss)
106 silly packumentCache full:https://registry.npmjs.org/@datadog%2fbrowser-logs set size:undefined disposed:false
107 silly fetch manifest react@18 || 19
108 silly packumentCache full:https://registry.npmjs.org/react cache-miss
109 http fetch GET 200 https://registry.npmjs.org/react 746ms (cache miss)
110 silly packumentCache full:https://registry.npmjs.org/react set size:undefined disposed:false
111 silly fetch manifest react-router@6 || 7
112 silly packumentCache full:https://registry.npmjs.org/react-router cache-miss
113 http fetch GET 200 https://registry.npmjs.org/react-router 301ms (cache miss)
114 silly packumentCache full:https://registry.npmjs.org/react-router set size:undefined disposed:false
115 silly fetch manifest react-dom@>=18
116 silly packumentCache full:https://registry.npmjs.org/react-dom cache-miss
117 http fetch GET 200 https://registry.npmjs.org/react-dom 750ms (cache miss)
118 silly packumentCache full:https://registry.npmjs.org/react-dom set size:undefined disposed:false
119 silly fetch manifest react-router-dom@6 || 7
120 silly packumentCache full:https://registry.npmjs.org/react-router-dom cache-miss
121 http fetch GET 200 https://registry.npmjs.org/react-router-dom 264ms (cache miss)
122 silly packumentCache full:https://registry.npmjs.org/react-router-dom set size:undefined disposed:false
123 silly fetch manifest @cfworker/json-schema@^4.1.1
124 silly packumentCache full:https://registry.npmjs.org/@cfworker%2fjson-schema cache-miss
125 http fetch GET 200 https://registry.npmjs.org/@cfworker%2fjson-schema 96ms (cache miss)
126 silly packumentCache full:https://registry.npmjs.org/@cfworker%2fjson-schema set size:undefined disposed:false
127 silly fetch manifest bufferutil@^4.0.1
128 silly packumentCache full:https://registry.npmjs.org/bufferutil cache-miss
129 http fetch GET 200 https://registry.npmjs.org/bufferutil 53ms (cache miss)
130 silly packumentCache full:https://registry.npmjs.org/bufferutil set size:undefined disposed:false
131 silly fetch manifest utf-8-validate@>=5.0.2
132 silly packumentCache full:https://registry.npmjs.org/utf-8-validate cache-miss
133 http fetch GET 200 https://registry.npmjs.org/utf-8-validate 71ms (cache miss)
134 silly packumentCache full:https://registry.npmjs.org/utf-8-validate set size:undefined disposed:false
135 silly fetch manifest zod@^3.25.30
136 silly packumentCache full:https://registry.npmjs.org/zod cache-miss
137 http fetch GET 200 https://registry.npmjs.org/zod 276ms (cache miss)
138 silly packumentCache full:https://registry.npmjs.org/zod set size:undefined disposed:false
139 silly placeDep ROOT @datadog/browser-rum@6.32.0 OK for: @testsprite/testsprite-mcp@0.0.36 want: ^6.25.0
140 silly placeDep ROOT @datadog/browser-rum-react@6.32.0 OK for: @testsprite/testsprite-mcp@0.0.36 want: ^6.25.0
141 silly placeDep ROOT @llmcode/yamux-ts@0.0.2 OK for: @testsprite/testsprite-mcp@0.0.36 want: ^0.0.2
142 silly placeDep ROOT @modelcontextprotocol/sdk@1.29.0 OK for: @testsprite/testsprite-mcp@0.0.36 want: ^1.15.0
143 silly placeDep ROOT axios@1.14.0 OK for: @testsprite/testsprite-mcp@0.0.36 want: ^1.7.7
144 silly placeDep ROOT cli-progress@3.12.0 OK for: @testsprite/testsprite-mcp@0.0.36 want: ^3.12.0
145 silly placeDep node_modules/@testsprite/testsprite-mcp commander@14.0.3 OK for: @testsprite/testsprite-mcp@0.0.36 want: ^14.0.0
146 silly placeDep ROOT conf@13.1.0 OK for: @testsprite/testsprite-mcp@0.0.36 want: ^13.1.0
147 silly placeDep ROOT express@5.2.1 OK for: @testsprite/testsprite-mcp@0.0.36 want: ^5.1.0
148 silly placeDep ROOT fs-extra@11.3.4 OK for: @testsprite/testsprite-mcp@0.0.36 want: ^11.3.0
149 silly placeDep ROOT http-proxy@1.18.1 OK for: @testsprite/testsprite-mcp@0.0.36 want: ^1.18.1
150 silly placeDep node_modules/@testsprite/testsprite-mcp iconv-lite@0.7.2 OK for: @testsprite/testsprite-mcp@0.0.36 want: ^0.7.2
151 silly placeDep ROOT jschardet@3.1.4 OK for: @testsprite/testsprite-mcp@0.0.36 want: ^3.1.4
152 silly placeDep ROOT markdown-it@14.1.1 OK for: @testsprite/testsprite-mcp@0.0.36 want: ^14.1.0
153 silly placeDep ROOT multer@2.1.1 OK for: @testsprite/testsprite-mcp@0.0.36 want: ^2.0.1
154 silly placeDep ROOT proper-lockfile@4.1.2 OK for: @testsprite/testsprite-mcp@0.0.36 want: ^4.1.2
155 silly placeDep ROOT simple-git@3.33.0 OK for: @testsprite/testsprite-mcp@0.0.36 want: ^3.28.0
156 silly placeDep ROOT socks@2.8.7 OK for: @testsprite/testsprite-mcp@0.0.36 want: ^2.8.4
157 silly placeDep node_modules/@testsprite/testsprite-mcp ws@8.20.0 OK for: @testsprite/testsprite-mcp@0.0.36 want: ^8.19.0
158 silly placeDep ROOT zod-to-json-schema@3.25.2 OK for: @testsprite/testsprite-mcp@0.0.36 want: ^3.25.0
159 silly fetch manifest @datadog/browser-core@6.32.0
160 silly packumentCache full:https://registry.npmjs.org/@datadog%2fbrowser-core cache-miss
161 silly fetch manifest @datadog/browser-rum-core@6.32.0
162 silly packumentCache full:https://registry.npmjs.org/@datadog%2fbrowser-rum-core cache-miss
163 silly fetch manifest @datadog/browser-core@6.32.0
164 silly packumentCache full:https://registry.npmjs.org/@datadog%2fbrowser-core cache-miss
165 silly fetch manifest @datadog/browser-rum-core@6.32.0
166 silly packumentCache full:https://registry.npmjs.org/@datadog%2fbrowser-rum-core cache-miss
167 silly fetch manifest @hono/node-server@^1.19.9
168 silly packumentCache full:https://registry.npmjs.org/@hono%2fnode-server cache-miss
169 silly fetch manifest ajv@^8.17.1
170 silly packumentCache full:https://registry.npmjs.org/ajv cache-miss
171 silly fetch manifest ajv-formats@^3.0.1
172 silly packumentCache full:https://registry.npmjs.org/ajv-formats cache-miss
173 http fetch GET 200 https://registry.npmjs.org/@hono%2fnode-server 102ms (cache miss)
174 silly packumentCache full:https://registry.npmjs.org/@hono%2fnode-server set size:undefined disposed:false
175 silly fetch manifest content-type@^1.0.5
176 silly packumentCache full:https://registry.npmjs.org/content-type cache-miss
177 http fetch GET 200 https://registry.npmjs.org/content-type 67ms (cache miss)
178 silly packumentCache full:https://registry.npmjs.org/content-type set size:undefined disposed:false
179 silly fetch manifest cors@^2.8.5
180 silly packumentCache full:https://registry.npmjs.org/cors cache-miss
181 http fetch GET 200 https://registry.npmjs.org/ajv 174ms (cache miss)
182 silly packumentCache full:https://registry.npmjs.org/ajv set size:undefined disposed:false
183 silly fetch manifest eventsource@^3.0.2
184 silly packumentCache full:https://registry.npmjs.org/eventsource cache-miss
185 http fetch GET 200 https://registry.npmjs.org/eventsource 72ms (cache miss)
186 silly packumentCache full:https://registry.npmjs.org/eventsource set size:undefined disposed:false
187 silly fetch manifest eventsource-parser@^3.0.0
188 silly packumentCache full:https://registry.npmjs.org/eventsource-parser cache-miss
189 http fetch GET 200 https://registry.npmjs.org/eventsource-parser 77ms (cache miss)
190 silly packumentCache full:https://registry.npmjs.org/eventsource-parser set size:undefined disposed:false
191 silly fetch manifest express@^5.2.1
192 silly packumentCache full:https://registry.npmjs.org/express cache-miss
193 http cache https://registry.npmjs.org/express 16ms (cache hit)
194 silly packumentCache full:https://registry.npmjs.org/express set size:801242 disposed:false
195 silly fetch manifest express-rate-limit@^8.2.1
196 silly packumentCache full:https://registry.npmjs.org/express-rate-limit cache-miss
197 http fetch GET 200 https://registry.npmjs.org/ajv-formats 371ms (cache miss)
198 silly packumentCache full:https://registry.npmjs.org/ajv-formats set size:undefined disposed:false
199 silly fetch manifest hono@^4.11.4
200 silly packumentCache full:https://registry.npmjs.org/hono cache-miss
201 http fetch GET 200 https://registry.npmjs.org/cors 202ms (cache miss)
202 silly packumentCache full:https://registry.npmjs.org/cors set size:undefined disposed:false
203 silly fetch manifest jose@^6.1.3
204 silly packumentCache full:https://registry.npmjs.org/jose cache-miss
205 http fetch GET 200 https://registry.npmjs.org/@datadog%2fbrowser-rum-core 399ms (cache miss)
206 silly packumentCache full:https://registry.npmjs.org/@datadog%2fbrowser-rum-core set size:undefined disposed:false
207 silly fetch manifest json-schema-typed@^8.0.2
208 silly packumentCache full:https://registry.npmjs.org/json-schema-typed cache-miss
209 http fetch GET 200 https://registry.npmjs.org/@datadog%2fbrowser-rum-core 445ms (cache miss)
210 silly packumentCache full:https://registry.npmjs.org/@datadog%2fbrowser-rum-core set size:undefined disposed:false
211 silly fetch manifest pkce-challenge@^5.0.0
212 silly packumentCache full:https://registry.npmjs.org/pkce-challenge cache-miss
213 http fetch GET 200 https://registry.npmjs.org/express-rate-limit 111ms (cache miss)
214 silly packumentCache full:https://registry.npmjs.org/express-rate-limit set size:undefined disposed:false
215 silly fetch manifest raw-body@^3.0.0
216 silly packumentCache full:https://registry.npmjs.org/raw-body cache-miss
217 http fetch GET 200 https://registry.npmjs.org/@datadog%2fbrowser-core 509ms (cache miss)
218 silly packumentCache full:https://registry.npmjs.org/@datadog%2fbrowser-core set size:undefined disposed:false
219 silly fetch manifest zod-to-json-schema@^3.25.1
220 silly packumentCache full:https://registry.npmjs.org/zod-to-json-schema cache-miss
221 http cache https://registry.npmjs.org/zod-to-json-schema 8ms (cache hit)
222 silly packumentCache full:https://registry.npmjs.org/zod-to-json-schema set size:309584 disposed:false
223 silly fetch manifest proxy-from-env@^2.1.0
224 silly packumentCache full:https://registry.npmjs.org/proxy-from-env cache-miss
225 http fetch GET 200 https://registry.npmjs.org/@datadog%2fbrowser-core 532ms (cache miss)
226 silly packumentCache full:https://registry.npmjs.org/@datadog%2fbrowser-core set size:undefined disposed:false
227 silly fetch manifest follow-redirects@^1.15.11
228 silly packumentCache full:https://registry.npmjs.org/follow-redirects cache-miss
229 http fetch GET 200 https://registry.npmjs.org/raw-body 104ms (cache miss)
230 silly packumentCache full:https://registry.npmjs.org/raw-body set size:undefined disposed:false
231 silly fetch manifest dot-prop@^9.0.0
232 silly packumentCache full:https://registry.npmjs.org/dot-prop cache-miss
233 http fetch GET 200 https://registry.npmjs.org/dot-prop 77ms (cache miss)
234 silly packumentCache full:https://registry.npmjs.org/dot-prop set size:undefined disposed:false
235 silly fetch manifest env-paths@^3.0.0
236 silly packumentCache full:https://registry.npmjs.org/env-paths cache-miss
237 http fetch GET 200 https://registry.npmjs.org/jose 299ms (cache miss)
238 silly packumentCache full:https://registry.npmjs.org/jose set size:undefined disposed:false
239 silly fetch manifest atomically@^2.0.3
240 silly packumentCache full:https://registry.npmjs.org/atomically cache-miss
241 http fetch GET 200 https://registry.npmjs.org/proxy-from-env 171ms (cache miss)
242 silly packumentCache full:https://registry.npmjs.org/proxy-from-env set size:undefined disposed:false
243 silly fetch manifest debounce-fn@^6.0.0
244 silly packumentCache full:https://registry.npmjs.org/debounce-fn cache-miss
245 http fetch GET 200 https://registry.npmjs.org/pkce-challenge 249ms (cache miss)
246 silly packumentCache full:https://registry.npmjs.org/pkce-challenge set size:undefined disposed:false
247 silly fetch manifest json-schema-typed@^8.0.1
248 silly packumentCache full:https://registry.npmjs.org/json-schema-typed cache-miss
249 http fetch GET 200 https://registry.npmjs.org/follow-redirects 187ms (cache miss)
250 silly packumentCache full:https://registry.npmjs.org/follow-redirects set size:undefined disposed:false
251 silly fetch manifest uint8array-extras@^1.4.0
252 silly packumentCache full:https://registry.npmjs.org/uint8array-extras cache-miss
253 http fetch GET 200 https://registry.npmjs.org/env-paths 71ms (cache miss)
254 silly packumentCache full:https://registry.npmjs.org/env-paths set size:undefined disposed:false
255 silly fetch manifest qs@^6.14.0
256 silly packumentCache full:https://registry.npmjs.org/qs cache-miss
257 http fetch GET 200 https://registry.npmjs.org/atomically 115ms (cache miss)
258 silly packumentCache full:https://registry.npmjs.org/atomically set size:undefined disposed:false
259 silly fetch manifest send@^1.1.0
260 silly packumentCache full:https://registry.npmjs.org/send cache-miss
261 http fetch GET 200 https://registry.npmjs.org/debounce-fn 105ms (cache miss)
262 silly packumentCache full:https://registry.npmjs.org/debounce-fn set size:undefined disposed:false
263 silly fetch manifest fresh@^2.0.0
264 silly packumentCache full:https://registry.npmjs.org/fresh cache-miss
265 http fetch GET 200 https://registry.npmjs.org/uint8array-extras 87ms (cache miss)
266 silly packumentCache full:https://registry.npmjs.org/uint8array-extras set size:undefined disposed:false
267 silly fetch manifest cookie@^0.7.1
268 silly packumentCache full:https://registry.npmjs.org/cookie cache-miss
269 http fetch GET 200 https://registry.npmjs.org/qs 103ms (cache miss)
270 silly packumentCache full:https://registry.npmjs.org/qs set size:undefined disposed:false
271 silly fetch manifest router@^2.2.0
272 silly packumentCache full:https://registry.npmjs.org/router cache-miss
273 http fetch GET 200 https://registry.npmjs.org/hono 495ms (cache miss)
274 silly packumentCache full:https://registry.npmjs.org/hono set size:undefined disposed:false
275 silly fetch manifest type-is@^2.0.1
276 silly packumentCache full:https://registry.npmjs.org/type-is cache-miss
277 http fetch GET 200 https://registry.npmjs.org/send 117ms (cache miss)
278 silly packumentCache full:https://registry.npmjs.org/send set size:undefined disposed:false
279 silly fetch manifest statuses@^2.0.1
280 silly packumentCache full:https://registry.npmjs.org/statuses cache-miss
281 http fetch GET 200 https://registry.npmjs.org/fresh 118ms (cache miss)
282 silly packumentCache full:https://registry.npmjs.org/fresh set size:undefined disposed:false
283 silly fetch manifest encodeurl@^2.0.0
284 silly packumentCache full:https://registry.npmjs.org/encodeurl cache-miss
285 http fetch GET 200 https://registry.npmjs.org/cookie 111ms (cache miss)
286 silly packumentCache full:https://registry.npmjs.org/cookie set size:undefined disposed:false
287 silly fetch manifest proxy-addr@^2.0.7
288 silly packumentCache full:https://registry.npmjs.org/proxy-addr cache-miss
289 http fetch GET 200 https://registry.npmjs.org/router 92ms (cache miss)
290 silly packumentCache full:https://registry.npmjs.org/router set size:undefined disposed:false
291 silly fetch manifest body-parser@^2.2.1
292 silly packumentCache full:https://registry.npmjs.org/body-parser cache-miss
293 http fetch GET 200 https://registry.npmjs.org/json-schema-typed 548ms (cache miss)
294 silly packumentCache full:https://registry.npmjs.org/json-schema-typed set size:undefined disposed:false
295 silly fetch manifest on-finished@^2.4.1
296 silly packumentCache full:https://registry.npmjs.org/on-finished cache-miss
297 http fetch GET 200 https://registry.npmjs.org/type-is 75ms (cache miss)
298 silly packumentCache full:https://registry.npmjs.org/type-is set size:undefined disposed:false
299 silly fetch manifest finalhandler@^2.1.0
300 silly packumentCache full:https://registry.npmjs.org/finalhandler cache-miss
301 http fetch GET 200 https://registry.npmjs.org/encodeurl 74ms (cache miss)
302 silly packumentCache full:https://registry.npmjs.org/encodeurl set size:undefined disposed:false
303 silly fetch manifest serve-static@^2.2.0
304 silly packumentCache full:https://registry.npmjs.org/serve-static cache-miss
305 http fetch GET 200 https://registry.npmjs.org/proxy-addr 91ms (cache miss)
306 silly packumentCache full:https://registry.npmjs.org/proxy-addr set size:undefined disposed:false
307 silly fetch manifest cookie-signature@^1.2.1
308 silly packumentCache full:https://registry.npmjs.org/cookie-signature cache-miss
309 http fetch GET 200 https://registry.npmjs.org/statuses 100ms (cache miss)
310 silly packumentCache full:https://registry.npmjs.org/statuses set size:undefined disposed:false
311 silly fetch manifest merge-descriptors@^2.0.0
312 silly packumentCache full:https://registry.npmjs.org/merge-descriptors cache-miss
313 http fetch GET 200 https://registry.npmjs.org/finalhandler 76ms (cache miss)
314 silly packumentCache full:https://registry.npmjs.org/finalhandler set size:undefined disposed:false
315 silly fetch manifest content-disposition@^1.0.0
316 silly packumentCache full:https://registry.npmjs.org/content-disposition cache-miss
317 http fetch GET 200 https://registry.npmjs.org/body-parser 151ms (cache miss)
318 silly packumentCache full:https://registry.npmjs.org/body-parser set size:undefined disposed:false
319 silly fetch manifest jsonfile@^6.0.1
320 silly packumentCache full:https://registry.npmjs.org/jsonfile cache-miss
321 http fetch GET 200 https://registry.npmjs.org/serve-static 105ms (cache miss)
322 silly packumentCache full:https://registry.npmjs.org/serve-static set size:undefined disposed:false
323 silly fetch manifest universalify@^2.0.0
324 silly packumentCache full:https://registry.npmjs.org/universalify cache-miss
325 http fetch GET 200 https://registry.npmjs.org/on-finished 157ms (cache miss)
326 silly packumentCache full:https://registry.npmjs.org/on-finished set size:undefined disposed:false
327 silly fetch manifest eventemitter3@^4.0.0
328 silly packumentCache full:https://registry.npmjs.org/eventemitter3 cache-miss
329 http fetch GET 200 https://registry.npmjs.org/merge-descriptors 90ms (cache miss)
330 silly packumentCache full:https://registry.npmjs.org/merge-descriptors set size:undefined disposed:false
331 silly fetch manifest follow-redirects@^1.0.0
332 silly packumentCache full:https://registry.npmjs.org/follow-redirects cache-miss
333 http cache https://registry.npmjs.org/follow-redirects 6ms (cache hit)
334 silly packumentCache full:https://registry.npmjs.org/follow-redirects set size:186700 disposed:false
335 silly fetch manifest argparse@^2.0.1
336 silly packumentCache full:https://registry.npmjs.org/argparse cache-miss
337 http fetch GET 200 https://registry.npmjs.org/content-disposition 79ms (cache miss)
338 silly packumentCache full:https://registry.npmjs.org/content-disposition set size:undefined disposed:false
339 silly fetch manifest linkify-it@^5.0.0
340 silly packumentCache full:https://registry.npmjs.org/linkify-it cache-miss
341 http fetch GET 200 https://registry.npmjs.org/cookie-signature 130ms (cache miss)
342 silly packumentCache full:https://registry.npmjs.org/cookie-signature set size:undefined disposed:false
343 silly fetch manifest mdurl@^2.0.0
344 silly packumentCache full:https://registry.npmjs.org/mdurl cache-miss
345 http fetch GET 200 https://registry.npmjs.org/jsonfile 131ms (cache miss)
346 silly packumentCache full:https://registry.npmjs.org/jsonfile set size:undefined disposed:false
347 silly fetch manifest punycode.js@^2.3.1
348 silly packumentCache full:https://registry.npmjs.org/punycode.js cache-miss
349 http fetch GET 200 https://registry.npmjs.org/universalify 113ms (cache miss)
350 silly packumentCache full:https://registry.npmjs.org/universalify set size:undefined disposed:false
351 silly fetch manifest uc.micro@^2.1.0
352 silly packumentCache full:https://registry.npmjs.org/uc.micro cache-miss
353 http fetch GET 200 https://registry.npmjs.org/eventemitter3 113ms (cache miss)
354 silly packumentCache full:https://registry.npmjs.org/eventemitter3 set size:undefined disposed:false
355 silly fetch manifest append-field@^1.0.0
356 silly packumentCache full:https://registry.npmjs.org/append-field cache-miss
357 http fetch GET 200 https://registry.npmjs.org/argparse 104ms (cache miss)
358 silly packumentCache full:https://registry.npmjs.org/argparse set size:undefined disposed:false
359 silly fetch manifest busboy@^1.6.0
360 silly packumentCache full:https://registry.npmjs.org/busboy cache-miss
361 http fetch GET 200 https://registry.npmjs.org/mdurl 81ms (cache miss)
362 silly packumentCache full:https://registry.npmjs.org/mdurl set size:undefined disposed:false
363 silly fetch manifest concat-stream@^2.0.0
364 silly packumentCache full:https://registry.npmjs.org/concat-stream cache-miss
365 http fetch GET 200 https://registry.npmjs.org/linkify-it 92ms (cache miss)
366 silly packumentCache full:https://registry.npmjs.org/linkify-it set size:undefined disposed:false
367 silly fetch manifest type-is@^1.6.18
368 silly packumentCache full:https://registry.npmjs.org/type-is cache-miss
369 http cache https://registry.npmjs.org/type-is 13ms (cache hit)
370 silly packumentCache full:https://registry.npmjs.org/type-is set size:86196 disposed:false
371 silly fetch manifest retry@^0.12.0
372 silly packumentCache full:https://registry.npmjs.org/retry cache-miss
373 http fetch GET 200 https://registry.npmjs.org/json-schema-typed 560ms (cache miss)
374 silly packumentCache full:https://registry.npmjs.org/json-schema-typed set size:undefined disposed:false
375 silly fetch manifest @kwsites/file-exists@^1.1.1
376 silly packumentCache full:https://registry.npmjs.org/@kwsites%2ffile-exists cache-miss
377 http fetch GET 200 https://registry.npmjs.org/punycode.js 85ms (cache miss)
378 silly packumentCache full:https://registry.npmjs.org/punycode.js set size:undefined disposed:false
379 silly fetch manifest @kwsites/promise-deferred@^1.1.1
380 silly packumentCache full:https://registry.npmjs.org/@kwsites%2fpromise-deferred cache-miss
381 http fetch GET 200 https://registry.npmjs.org/busboy 84ms (cache miss)
382 silly packumentCache full:https://registry.npmjs.org/busboy set size:undefined disposed:false
383 silly fetch manifest ip-address@^10.0.1
384 silly packumentCache full:https://registry.npmjs.org/ip-address cache-miss
385 http fetch GET 200 https://registry.npmjs.org/concat-stream 85ms (cache miss)
386 silly packumentCache full:https://registry.npmjs.org/concat-stream set size:undefined disposed:false
387 silly fetch manifest smart-buffer@^4.2.0
388 silly packumentCache full:https://registry.npmjs.org/smart-buffer cache-miss
389 http fetch GET 200 https://registry.npmjs.org/append-field 99ms (cache miss)
390 silly packumentCache full:https://registry.npmjs.org/append-field set size:undefined disposed:false
391 http fetch GET 200 https://registry.npmjs.org/uc.micro 105ms (cache miss)
392 silly packumentCache full:https://registry.npmjs.org/uc.micro set size:undefined disposed:false
393 http fetch GET 200 https://registry.npmjs.org/retry 78ms (cache miss)
394 silly packumentCache full:https://registry.npmjs.org/retry set size:undefined disposed:false
395 http fetch GET 200 https://registry.npmjs.org/@kwsites%2ffile-exists 91ms (cache miss)
396 silly packumentCache full:https://registry.npmjs.org/@kwsites%2ffile-exists set size:undefined disposed:false
397 http fetch GET 200 https://registry.npmjs.org/smart-buffer 81ms (cache miss)
398 silly packumentCache full:https://registry.npmjs.org/smart-buffer set size:undefined disposed:false
399 http fetch GET 200 https://registry.npmjs.org/@kwsites%2fpromise-deferred 101ms (cache miss)
400 silly packumentCache full:https://registry.npmjs.org/@kwsites%2fpromise-deferred set size:undefined disposed:false
401 http fetch GET 200 https://registry.npmjs.org/ip-address 98ms (cache miss)
402 silly packumentCache full:https://registry.npmjs.org/ip-address set size:undefined disposed:false
403 silly placeDep ROOT @datadog/browser-core@6.32.0 OK for: @datadog/browser-rum@6.32.0 want: 6.32.0
404 silly placeDep ROOT @datadog/browser-rum-core@6.32.0 OK for: @datadog/browser-rum@6.32.0 want: 6.32.0
405 silly placeDep ROOT @hono/node-server@1.19.12 OK for: @modelcontextprotocol/sdk@1.29.0 want: ^1.19.9
406 silly placeDep ROOT hono@4.12.9 OK for: @hono/node-server@1.19.12 want: ^4
407 silly placeDep ROOT ajv@8.18.0 OK for: @modelcontextprotocol/sdk@1.29.0 want: ^8.17.1
408 silly placeDep ROOT ajv-formats@3.0.1 OK for: @modelcontextprotocol/sdk@1.29.0 want: ^3.0.1
409 silly placeDep ROOT content-type@1.0.5 OK for: @modelcontextprotocol/sdk@1.29.0 want: ^1.0.5
410 silly placeDep ROOT cors@2.8.6 OK for: @modelcontextprotocol/sdk@1.29.0 want: ^2.8.5
411 silly placeDep ROOT eventsource@3.0.7 OK for: @modelcontextprotocol/sdk@1.29.0 want: ^3.0.2
412 silly placeDep ROOT eventsource-parser@3.0.6 OK for: @modelcontextprotocol/sdk@1.29.0 want: ^3.0.0
413 silly placeDep ROOT express-rate-limit@8.3.2 OK for: @modelcontextprotocol/sdk@1.29.0 want: ^8.2.1
414 silly placeDep ROOT jose@6.2.2 OK for: @modelcontextprotocol/sdk@1.29.0 want: ^6.1.3
415 silly placeDep ROOT json-schema-typed@8.0.2 OK for: @modelcontextprotocol/sdk@1.29.0 want: ^8.0.2
416 silly placeDep ROOT pkce-challenge@5.0.1 OK for: @modelcontextprotocol/sdk@1.29.0 want: ^5.0.0
417 silly placeDep ROOT raw-body@3.0.2 OK for: @modelcontextprotocol/sdk@1.29.0 want: ^3.0.0
418 silly fetch manifest fast-uri@^3.0.1
419 silly packumentCache full:https://registry.npmjs.org/fast-uri cache-miss
420 silly fetch manifest require-from-string@^2.0.2
421 silly packumentCache full:https://registry.npmjs.org/require-from-string cache-miss
422 silly fetch manifest json-schema-traverse@^1.0.0
423 silly packumentCache full:https://registry.npmjs.org/json-schema-traverse cache-miss
424 silly fetch manifest eventsource-parser@^3.0.1
425 silly packumentCache full:https://registry.npmjs.org/eventsource-parser cache-miss
426 silly fetch manifest ip-address@10.1.0
427 silly packumentCache full:https://registry.npmjs.org/ip-address cache-miss
428 silly fetch manifest iconv-lite@~0.7.0
429 silly packumentCache full:https://registry.npmjs.org/iconv-lite cache-miss
430 http cache https://registry.npmjs.org/eventsource-parser 14ms (cache hit)
431 silly packumentCache full:https://registry.npmjs.org/eventsource-parser set size:66053 disposed:false
432 http cache https://registry.npmjs.org/iconv-lite 16ms (cache hit)
433 silly packumentCache full:https://registry.npmjs.org/iconv-lite set size:120557 disposed:false
434 http cache https://registry.npmjs.org/ip-address 19ms (cache hit)
435 silly packumentCache full:https://registry.npmjs.org/ip-address set size:135050 disposed:false
436 http fetch GET 200 https://registry.npmjs.org/json-schema-traverse 61ms (cache miss)
437 silly packumentCache full:https://registry.npmjs.org/json-schema-traverse set size:undefined disposed:false
438 http fetch GET 200 https://registry.npmjs.org/require-from-string 69ms (cache miss)
439 silly packumentCache full:https://registry.npmjs.org/require-from-string set size:undefined disposed:false
440 http fetch GET 200 https://registry.npmjs.org/fast-uri 73ms (cache miss)
441 silly packumentCache full:https://registry.npmjs.org/fast-uri set size:undefined disposed:false
442 silly placeDep ROOT fast-uri@3.1.0 OK for: ajv@8.18.0 want: ^3.0.1
443 silly placeDep ROOT json-schema-traverse@1.0.0 OK for: ajv@8.18.0 want: ^1.0.0
444 silly placeDep ROOT require-from-string@2.0.2 OK for: ajv@8.18.0 want: ^2.0.2
445 silly placeDep ROOT follow-redirects@1.15.11 OK for: axios@1.14.0 want: ^1.15.11
446 silly placeDep ROOT proxy-from-env@2.1.0 OK for: axios@1.14.0 want: ^2.1.0
447 silly placeDep ROOT atomically@2.1.1 OK for: conf@13.1.0 want: ^2.0.3
448 silly placeDep ROOT debounce-fn@6.0.0 OK for: conf@13.1.0 want: ^6.0.0
449 silly placeDep ROOT dot-prop@9.0.0 OK for: conf@13.1.0 want: ^9.0.0
450 silly placeDep ROOT env-paths@3.0.0 OK for: conf@13.1.0 want: ^3.0.0
451 silly placeDep ROOT uint8array-extras@1.5.0 OK for: conf@13.1.0 want: ^1.4.0
452 silly fetch manifest stubborn-fs@^2.0.0
453 silly packumentCache full:https://registry.npmjs.org/stubborn-fs cache-miss
454 silly fetch manifest when-exit@^2.1.4
455 silly packumentCache full:https://registry.npmjs.org/when-exit cache-miss
456 silly fetch manifest mimic-function@^5.0.0
457 silly packumentCache full:https://registry.npmjs.org/mimic-function cache-miss
458 silly fetch manifest type-fest@^4.18.2
459 silly packumentCache full:https://registry.npmjs.org/type-fest cache-miss
460 http fetch GET 200 https://registry.npmjs.org/when-exit 80ms (cache miss)
461 silly packumentCache full:https://registry.npmjs.org/when-exit set size:undefined disposed:false
462 http fetch GET 200 https://registry.npmjs.org/mimic-function 88ms (cache miss)
463 silly packumentCache full:https://registry.npmjs.org/mimic-function set size:undefined disposed:false
464 http fetch GET 200 https://registry.npmjs.org/stubborn-fs 95ms (cache miss)
465 silly packumentCache full:https://registry.npmjs.org/stubborn-fs set size:undefined disposed:false
466 http fetch GET 200 https://registry.npmjs.org/type-fest 219ms (cache miss)
467 silly packumentCache full:https://registry.npmjs.org/type-fest set size:undefined disposed:false
468 silly placeDep ROOT stubborn-fs@2.0.0 OK for: atomically@2.1.1 want: ^2.0.0
469 silly placeDep ROOT when-exit@2.1.5 OK for: atomically@2.1.1 want: ^2.1.4
470 silly fetch manifest stubborn-utils@^1.0.1
471 silly packumentCache full:https://registry.npmjs.org/stubborn-utils cache-miss
472 http fetch GET 200 https://registry.npmjs.org/stubborn-utils 69ms (cache miss)
473 silly packumentCache full:https://registry.npmjs.org/stubborn-utils set size:undefined disposed:false
474 silly placeDep ROOT mimic-function@5.0.1 OK for: debounce-fn@6.0.0 want: ^5.0.0
475 silly placeDep node_modules/dot-prop type-fest@4.41.0 OK for: dot-prop@9.0.0 want: ^4.18.2
476 silly placeDep ROOT body-parser@2.2.2 OK for: express@5.2.1 want: ^2.2.1
477 silly placeDep ROOT content-disposition@1.0.1 OK for: express@5.2.1 want: ^1.0.0
478 silly placeDep ROOT cookie@0.7.2 OK for: express@5.2.1 want: ^0.7.1
479 silly placeDep ROOT cookie-signature@1.2.2 OK for: express@5.2.1 want: ^1.2.1
480 silly placeDep node_modules/express encodeurl@2.0.0 OK for: express@5.2.1 want: ^2.0.0
481 silly placeDep node_modules/express finalhandler@2.1.1 OK for: express@5.2.1 want: ^2.1.0
482 silly placeDep node_modules/express fresh@2.0.0 OK for: express@5.2.1 want: ^2.0.0
483 silly placeDep ROOT merge-descriptors@2.0.0 OK for: express@5.2.1 want: ^2.0.0
484 silly placeDep node_modules/express on-finished@2.4.1 OK for: express@5.2.1 want: ^2.4.1
485 silly placeDep ROOT proxy-addr@2.0.7 OK for: express@5.2.1 want: ^2.0.7
486 silly placeDep ROOT qs@6.15.0 OK for: express@5.2.1 want: ^6.14.0
487 silly placeDep ROOT router@2.2.0 OK for: express@5.2.1 want: ^2.2.0
488 silly placeDep node_modules/express send@1.2.1 OK for: express@5.2.1 want: ^1.1.0
489 silly placeDep node_modules/express serve-static@2.2.1 OK for: express@5.2.1 want: ^2.2.0
490 silly placeDep node_modules/express statuses@2.0.2 OK for: express@5.2.1 want: ^2.0.1
491 silly placeDep ROOT type-is@2.0.1 OK for: express@5.2.1 want: ^2.0.1
492 silly fetch manifest iconv-lite@^0.7.0
493 silly packumentCache full:https://registry.npmjs.org/iconv-lite cache-hit
494 silly fetch manifest qs@^6.14.1
495 silly packumentCache full:https://registry.npmjs.org/qs cache-miss
496 silly fetch manifest forwarded@0.2.0
497 silly packumentCache full:https://registry.npmjs.org/forwarded cache-miss
498 silly fetch manifest ipaddr.js@1.9.1
499 silly packumentCache full:https://registry.npmjs.org/ipaddr.js cache-miss
500 silly fetch manifest side-channel@^1.1.0
501 silly packumentCache full:https://registry.npmjs.org/side-channel cache-miss
502 silly fetch manifest is-promise@^4.0.0
503 silly packumentCache full:https://registry.npmjs.org/is-promise cache-miss
504 silly fetch manifest path-to-regexp@^8.0.0
505 silly packumentCache full:https://registry.npmjs.org/path-to-regexp cache-miss
506 silly fetch manifest statuses@^2.0.2
507 silly packumentCache full:https://registry.npmjs.org/statuses cache-miss
508 http cache https://registry.npmjs.org/statuses 11ms (cache hit)
509 silly packumentCache full:https://registry.npmjs.org/statuses set size:37117 disposed:false
510 silly fetch manifest media-typer@^1.1.0
511 silly packumentCache full:https://registry.npmjs.org/media-typer cache-miss
512 http cache https://registry.npmjs.org/qs 19ms (cache hit)
513 silly packumentCache full:https://registry.npmjs.org/qs set size:350258 disposed:false
514 http fetch GET 200 https://registry.npmjs.org/forwarded 59ms (cache miss)
515 silly packumentCache full:https://registry.npmjs.org/forwarded set size:undefined disposed:false
516 http fetch GET 200 https://registry.npmjs.org/side-channel 63ms (cache miss)
517 silly packumentCache full:https://registry.npmjs.org/side-channel set size:undefined disposed:false
518 http fetch GET 200 https://registry.npmjs.org/is-promise 78ms (cache miss)
519 silly packumentCache full:https://registry.npmjs.org/is-promise set size:undefined disposed:false
520 http fetch GET 200 https://registry.npmjs.org/ipaddr.js 88ms (cache miss)
521 silly packumentCache full:https://registry.npmjs.org/ipaddr.js set size:undefined disposed:false
522 http fetch GET 200 https://registry.npmjs.org/path-to-regexp 96ms (cache miss)
523 silly packumentCache full:https://registry.npmjs.org/path-to-regexp set size:undefined disposed:false
524 http fetch GET 200 https://registry.npmjs.org/media-typer 89ms (cache miss)
525 silly packumentCache full:https://registry.npmjs.org/media-typer set size:undefined disposed:false
526 silly placeDep node_modules/body-parser iconv-lite@0.7.2 OK for: body-parser@2.2.2 want: ^0.7.0
527 silly placeDep node_modules/body-parser on-finished@2.4.1 OK for: body-parser@2.2.2 want: ^2.4.1
528 silly placeDep ROOT ip-address@10.1.0 OK for: express-rate-limit@8.3.2 want: 10.1.0
529 silly placeDep ROOT jsonfile@6.2.0 OK for: fs-extra@11.3.4 want: ^6.0.1
530 silly placeDep node_modules/fs-extra universalify@2.0.1 OK for: fs-extra@11.3.4 want: ^2.0.0
531 silly placeDep ROOT eventemitter3@4.0.7 OK for: http-proxy@1.18.1 want: ^4.0.0
532 silly placeDep node_modules/jsonfile universalify@2.0.1 OK for: jsonfile@6.2.0 want: ^2.0.0
533 silly placeDep node_modules/markdown-it argparse@2.0.1 OK for: markdown-it@14.1.1 want: ^2.0.1
534 silly placeDep ROOT linkify-it@5.0.0 OK for: markdown-it@14.1.1 want: ^5.0.0
535 silly placeDep ROOT mdurl@2.0.0 OK for: markdown-it@14.1.1 want: ^2.0.0
536 silly placeDep ROOT punycode.js@2.3.1 OK for: markdown-it@14.1.1 want: ^2.3.1
537 silly placeDep ROOT uc.micro@2.1.0 OK for: markdown-it@14.1.1 want: ^2.1.0
538 silly fetch manifest uc.micro@^2.0.0
539 silly packumentCache full:https://registry.npmjs.org/uc.micro cache-miss
540 http cache https://registry.npmjs.org/uc.micro 6ms (cache hit)
541 silly packumentCache full:https://registry.npmjs.org/uc.micro set size:16457 disposed:false
542 silly placeDep ROOT append-field@1.0.0 OK for: multer@2.1.1 want: ^1.0.0
543 silly placeDep ROOT busboy@1.6.0 OK for: multer@2.1.1 want: ^1.6.0
544 silly placeDep ROOT concat-stream@2.0.0 OK for: multer@2.1.1 want: ^2.0.0
545 silly placeDep node_modules/multer type-is@1.6.18 OK for: multer@2.1.1 want: ^1.6.18
546 silly fetch manifest streamsearch@^1.1.0
547 silly packumentCache full:https://registry.npmjs.org/streamsearch cache-miss
548 silly fetch manifest readable-stream@^3.0.2
549 silly packumentCache full:https://registry.npmjs.org/readable-stream cache-miss
550 silly fetch manifest typedarray@^0.0.6
551 silly packumentCache full:https://registry.npmjs.org/typedarray cache-miss
552 silly fetch manifest mime-types@~2.1.24
553 silly packumentCache full:https://registry.npmjs.org/mime-types cache-miss
554 silly fetch manifest media-typer@0.3.0
555 silly packumentCache full:https://registry.npmjs.org/media-typer cache-miss
556 http cache https://registry.npmjs.org/media-typer 10ms (cache hit)
557 silly packumentCache full:https://registry.npmjs.org/media-typer set size:20873 disposed:false
558 http fetch GET 200 https://registry.npmjs.org/typedarray 56ms (cache miss)
559 silly packumentCache full:https://registry.npmjs.org/typedarray set size:undefined disposed:false
560 http fetch GET 200 https://registry.npmjs.org/mime-types 85ms (cache miss)
561 silly packumentCache full:https://registry.npmjs.org/mime-types set size:undefined disposed:false
562 http fetch GET 200 https://registry.npmjs.org/readable-stream 96ms (cache miss)
563 silly packumentCache full:https://registry.npmjs.org/readable-stream set size:undefined disposed:false
564 http fetch GET 200 https://registry.npmjs.org/streamsearch 568ms (cache miss)
565 silly packumentCache full:https://registry.npmjs.org/streamsearch set size:undefined disposed:false
566 silly placeDep ROOT streamsearch@1.1.0 OK for: busboy@1.6.0 want: ^1.1.0
567 silly placeDep ROOT readable-stream@3.6.2 OK for: concat-stream@2.0.0 want: ^3.0.2
568 silly placeDep ROOT typedarray@0.0.6 OK for: concat-stream@2.0.0 want: ^0.0.6
569 silly fetch manifest string_decoder@^1.1.1
570 silly packumentCache full:https://registry.npmjs.org/string_decoder cache-miss
571 http fetch GET 200 https://registry.npmjs.org/string_decoder 61ms (cache miss)
572 silly packumentCache full:https://registry.npmjs.org/string_decoder set size:undefined disposed:false
573 silly placeDep ROOT retry@0.12.0 OK for: proper-lockfile@4.1.2 want: ^0.12.0
574 silly placeDep ROOT forwarded@0.2.0 OK for: proxy-addr@2.0.7 want: 0.2.0
575 silly placeDep ROOT ipaddr.js@1.9.1 OK for: proxy-addr@2.0.7 want: 1.9.1
576 silly placeDep ROOT side-channel@1.1.0 OK for: qs@6.15.0 want: ^1.1.0
577 silly fetch manifest object-inspect@^1.13.3
578 silly packumentCache full:https://registry.npmjs.org/object-inspect cache-miss
579 silly fetch manifest side-channel-list@^1.0.0
580 silly packumentCache full:https://registry.npmjs.org/side-channel-list cache-miss
581 silly fetch manifest side-channel-map@^1.0.1
582 silly packumentCache full:https://registry.npmjs.org/side-channel-map cache-miss
583 silly fetch manifest side-channel-weakmap@^1.0.2
584 silly packumentCache full:https://registry.npmjs.org/side-channel-weakmap cache-miss
585 http fetch GET 200 https://registry.npmjs.org/side-channel-map 75ms (cache miss)
586 silly packumentCache full:https://registry.npmjs.org/side-channel-map set size:undefined disposed:false
587 http fetch GET 200 https://registry.npmjs.org/side-channel-list 78ms (cache miss)
588 silly packumentCache full:https://registry.npmjs.org/side-channel-list set size:undefined disposed:false
589 http fetch GET 200 https://registry.npmjs.org/side-channel-weakmap 79ms (cache miss)
590 silly packumentCache full:https://registry.npmjs.org/side-channel-weakmap set size:undefined disposed:false
591 http fetch GET 200 https://registry.npmjs.org/object-inspect 98ms (cache miss)
592 silly packumentCache full:https://registry.npmjs.org/object-inspect set size:undefined disposed:false
593 silly placeDep node_modules/raw-body iconv-lite@0.7.2 OK for: raw-body@3.0.2 want: ~0.7.0
594 silly placeDep ROOT string_decoder@1.3.0 OK for: readable-stream@3.6.2 want: ^1.1.1
595 silly placeDep ROOT is-promise@4.0.0 OK for: router@2.2.0 want: ^4.0.0
596 silly placeDep ROOT path-to-regexp@8.4.1 OK for: router@2.2.0 want: ^8.0.0
597 silly placeDep ROOT object-inspect@1.13.4 OK for: side-channel@1.1.0 want: ^1.13.3
598 silly placeDep ROOT side-channel-list@1.0.0 OK for: side-channel@1.1.0 want: ^1.0.0
599 silly placeDep ROOT side-channel-map@1.0.1 OK for: side-channel@1.1.0 want: ^1.0.1
600 silly placeDep ROOT side-channel-weakmap@1.0.2 OK for: side-channel@1.1.0 want: ^1.0.2
601 silly fetch manifest call-bound@^1.0.2
602 silly packumentCache full:https://registry.npmjs.org/call-bound cache-miss
603 silly fetch manifest call-bound@^1.0.2
604 silly packumentCache full:https://registry.npmjs.org/call-bound cache-miss
605 http fetch GET 200 https://registry.npmjs.org/call-bound 72ms (cache miss)
606 silly packumentCache full:https://registry.npmjs.org/call-bound set size:undefined disposed:false
607 http fetch GET 200 https://registry.npmjs.org/call-bound 75ms (cache miss)
608 silly packumentCache full:https://registry.npmjs.org/call-bound set size:undefined disposed:false
609 silly placeDep ROOT call-bound@1.0.4 OK for: side-channel-map@1.0.1 want: ^1.0.2
610 silly placeDep ROOT @kwsites/file-exists@1.1.1 OK for: simple-git@3.33.0 want: ^1.1.1
611 silly placeDep ROOT @kwsites/promise-deferred@1.1.1 OK for: simple-git@3.33.0 want: ^1.1.1
612 silly placeDep ROOT smart-buffer@4.2.0 OK for: socks@2.8.7 want: ^4.2.0
613 silly placeDep ROOT stubborn-utils@1.0.2 OK for: stubborn-fs@2.0.0 want: ^1.0.1
614 silly placeDep ROOT media-typer@1.1.0 OK for: type-is@2.0.1 want: ^1.1.0
615 silly placeDep node_modules/multer media-typer@0.3.0 OK for: type-is@1.6.18 want: 0.3.0
616 silly placeDep node_modules/multer mime-types@2.1.35 OK for: type-is@1.6.18 want: ~2.1.24
617 silly fetch manifest mime-db@1.52.0
618 silly packumentCache full:https://registry.npmjs.org/mime-db cache-miss
619 http fetch GET 200 https://registry.npmjs.org/mime-db 70ms (cache miss)
620 silly packumentCache full:https://registry.npmjs.org/mime-db set size:undefined disposed:false
621 silly placeDep node_modules/multer mime-db@1.52.0 OK for: mime-types@2.1.35 want: 1.52.0
622 silly reify moves {}
623 silly audit bulk request {
623 silly audit   '@alloc/quick-lru': [ '5.2.0' ],
623 silly audit   '@babel/code-frame': [ '7.29.0' ],
623 silly audit   '@babel/compat-data': [ '7.29.0' ],
623 silly audit   '@babel/core': [ '7.29.0' ],
623 silly audit   semver: [ '6.3.1', '7.7.3', '7.7.4' ],
623 silly audit   '@babel/generator': [ '7.29.1' ],
623 silly audit   '@babel/helper-annotate-as-pure': [ '7.27.3' ],
623 silly audit   '@babel/helper-compilation-targets': [ '7.28.6' ],
623 silly audit   '@babel/helper-create-class-features-plugin': [ '7.28.6' ],
623 silly audit   '@babel/helper-create-regexp-features-plugin': [ '7.28.5' ],
623 silly audit   '@babel/helper-define-polyfill-provider': [ '0.6.7' ],
623 silly audit   '@babel/helper-globals': [ '7.28.0' ],
623 silly audit   '@babel/helper-member-expression-to-functions': [ '7.28.5' ],
623 silly audit   '@babel/helper-module-imports': [ '7.28.6' ],
623 silly audit   '@babel/helper-module-transforms': [ '7.28.6' ],
623 silly audit   '@babel/helper-optimise-call-expression': [ '7.27.1' ],
623 silly audit   '@babel/helper-plugin-utils': [ '7.28.6' ],
623 silly audit   '@babel/helper-remap-async-to-generator': [ '7.27.1' ],
623 silly audit   '@babel/helper-replace-supers': [ '7.28.6' ],
623 silly audit   '@babel/helper-skip-transparent-expression-wrappers': [ '7.27.1' ],
623 silly audit   '@babel/helper-string-parser': [ '7.27.1' ],
623 silly audit   '@babel/helper-validator-identifier': [ '7.28.5' ],
623 silly audit   '@babel/helper-validator-option': [ '7.27.1' ],
623 silly audit   '@babel/helper-wrap-function': [ '7.28.6' ],
623 silly audit   '@babel/helpers': [ '7.28.6' ],
623 silly audit   '@babel/parser': [ '7.29.0' ],
623 silly audit   '@babel/plugin-proposal-decorators': [ '7.29.0' ],
623 silly audit   '@babel/plugin-proposal-export-default-from': [ '7.27.1' ],
623 silly audit   '@babel/plugin-syntax-async-generators': [ '7.8.4' ],
623 silly audit   '@babel/plugin-syntax-bigint': [ '7.8.3' ],
623 silly audit   '@babel/plugin-syntax-class-properties': [ '7.12.13' ],
623 silly audit   '@babel/plugin-syntax-class-static-block': [ '7.14.5' ],
623 silly audit   '@babel/plugin-syntax-decorators': [ '7.28.6' ],
623 silly audit   '@babel/plugin-syntax-dynamic-import': [ '7.8.3' ],
623 silly audit   '@babel/plugin-syntax-export-default-from': [ '7.28.6' ],
623 silly audit   '@babel/plugin-syntax-flow': [ '7.28.6' ],
623 silly audit   '@babel/plugin-syntax-import-attributes': [ '7.28.6' ],
623 silly audit   '@babel/plugin-syntax-import-meta': [ '7.10.4' ],
623 silly audit   '@babel/plugin-syntax-json-strings': [ '7.8.3' ],
623 silly audit   '@babel/plugin-syntax-jsx': [ '7.28.6' ],
623 silly audit   '@babel/plugin-syntax-logical-assignment-operators': [ '7.10.4' ],
623 silly audit   '@babel/plugin-syntax-nullish-coalescing-operator': [ '7.8.3' ],
623 silly audit   '@babel/plugin-syntax-numeric-separator': [ '7.10.4' ],
623 silly audit   '@babel/plugin-syntax-object-rest-spread': [ '7.8.3' ],
623 silly audit   '@babel/plugin-syntax-optional-catch-binding': [ '7.8.3' ],
623 silly audit   '@babel/plugin-syntax-optional-chaining': [ '7.8.3' ],
623 silly audit   '@babel/plugin-syntax-private-property-in-object': [ '7.14.5' ],
623 silly audit   '@babel/plugin-syntax-top-level-await': [ '7.14.5' ],
623 silly audit   '@babel/plugin-syntax-typescript': [ '7.28.6' ],
623 silly audit   '@babel/plugin-transform-arrow-functions': [ '7.27.1' ],
623 silly audit   '@babel/plugin-transform-async-generator-functions': [ '7.29.0' ],
623 silly audit   '@babel/plugin-transform-async-to-generator': [ '7.28.6' ],
623 silly audit   '@babel/plugin-transform-block-scoping': [ '7.28.6' ],
623 silly audit   '@babel/plugin-transform-class-properties': [ '7.27.1' ],
623 silly audit   '@babel/plugin-transform-class-static-block': [ '7.28.6' ],
623 silly audit   '@babel/plugin-transform-classes': [ '7.28.4' ],
623 silly audit   '@babel/plugin-transform-computed-properties': [ '7.28.6' ],
623 silly audit   '@babel/plugin-transform-destructuring': [ '7.28.5' ],
623 silly audit   '@babel/plugin-transform-export-namespace-from': [ '7.27.1' ],
623 silly audit   '@babel/plugin-transform-flow-strip-types': [ '7.27.1' ],
623 silly audit   '@babel/plugin-transform-for-of': [ '7.27.1' ],
623 silly audit   '@babel/plugin-transform-function-name': [ '7.27.1' ],
623 silly audit   '@babel/plugin-transform-literals': [ '7.27.1' ],
623 silly audit   '@babel/plugin-transform-logical-assignment-operators': [ '7.28.6' ],
623 silly audit   '@babel/plugin-transform-modules-commonjs': [ '7.28.6' ],
623 silly audit   '@babel/plugin-transform-named-capturing-groups-regex': [ '7.29.0' ],
623 silly audit   '@babel/plugin-transform-nullish-coalescing-operator': [ '7.27.1' ],
623 silly audit   '@babel/plugin-transform-numeric-separator': [ '7.28.6' ],
623 silly audit   '@babel/plugin-transform-object-rest-spread': [ '7.28.6' ],
623 silly audit   '@babel/plugin-transform-optional-catch-binding': [ '7.28.6' ],
623 silly audit   '@babel/plugin-transform-optional-chaining': [ '7.27.1' ],
623 silly audit   '@babel/plugin-transform-parameters': [ '7.27.7' ],
623 silly audit   '@babel/plugin-transform-private-methods': [ '7.28.6' ],
623 silly audit   '@babel/plugin-transform-private-property-in-object': [ '7.28.6' ],
623 silly audit   '@babel/plugin-transform-react-display-name': [ '7.28.0' ],
623 silly audit   '@babel/plugin-transform-react-jsx': [ '7.28.6' ],
623 silly audit   '@babel/plugin-transform-react-jsx-development': [ '7.27.1' ],
623 silly audit   '@babel/plugin-transform-react-jsx-self': [ '7.27.1' ],
623 silly audit   '@babel/plugin-transform-react-jsx-source': [ '7.27.1' ],
623 silly audit   '@babel/plugin-transform-react-pure-annotations': [ '7.27.1' ],
623 silly audit   '@babel/plugin-transform-regenerator': [ '7.29.0' ],
623 silly audit   '@babel/plugin-transform-runtime': [ '7.29.0' ],
623 silly audit   '@babel/plugin-transform-shorthand-properties': [ '7.27.1' ],
623 silly audit   '@babel/plugin-transform-spread': [ '7.28.6' ],
623 silly audit   '@babel/plugin-transform-sticky-regex': [ '7.27.1' ],
623 silly audit   '@babel/plugin-transform-template-literals': [ '7.27.1' ],
623 silly audit   '@babel/plugin-transform-typescript': [ '7.28.6' ],
623 silly audit   '@babel/plugin-transform-unicode-regex': [ '7.27.1' ],
623 silly audit   '@babel/preset-react': [ '7.28.5' ],
623 silly audit   '@babel/preset-typescript': [ '7.27.1' ],
623 silly audit   '@babel/runtime': [ '7.28.6' ],
623 silly audit   '@babel/template': [ '7.28.6' ],
623 silly audit   '@babel/traverse': [ '7.29.0' ],
623 silly audit   '@babel/types': [ '7.29.0' ],
623 silly audit   '@bcoe/v8-coverage': [ '0.2.3' ],
623 silly audit   '@callstack/react-theme-provider': [ '3.0.9' ],
623 silly audit   deepmerge: [ '3.3.0', '4.3.1' ],
623 silly audit   '@egjs/hammerjs': [ '2.0.17' ],
623 silly audit   '@expo-google-fonts/dm-sans': [ '0.4.2' ],
623 silly audit   '@expo-google-fonts/plus-jakarta-sans': [ '0.4.2' ],
623 silly audit   '@expo/cli': [ '55.0.16' ],
623 silly audit   '@expo/router-server': [ '55.0.10' ],
623 silly audit   accepts: [ '1.3.8', '2.0.0' ],
623 silly audit   'balanced-match': [ '4.0.4', '1.0.2' ],
623 silly audit   'brace-expansion': [ '5.0.4', '1.1.12' ],
623 silly audit   glob: [ '13.0.6', '7.2.3' ],
623 silly audit   'mime-db': [ '1.52.0', '1.54.0' ],
623 silly audit   'mime-types': [ '2.1.35', '3.0.2' ],
623 silly audit   minimatch: [ '10.2.4', '3.1.5' ],
623 silly audit   negotiator: [ '0.6.3', '0.6.4', '1.0.0' ],
623 silly audit   picomatch: [ '4.0.3', '2.3.1' ],
623 silly audit   ws: [ '8.19.0', '7.5.10', '8.20.0' ],
623 silly audit   '@expo/code-signing-certificates': [ '0.0.6' ],
623 silly audit   '@expo/config': [ '55.0.10' ],
623 silly audit   '@expo/config-plugins': [ '55.0.7' ],
623 silly audit   '@expo/config-types': [ '55.0.5' ],
623 silly audit   '@expo/devcert': [ '1.2.1' ],
623 silly audit   debug: [ '3.2.7', '2.6.9', '4.4.3' ],
623 silly audit   '@expo/devtools': [ '55.0.2' ],
623 silly audit   '@expo/dom-webview': [ '55.0.3' ],
623 silly audit   '@expo/env': [ '2.1.1' ],
623 silly audit   '@expo/fingerprint': [ '0.16.6' ],
623 silly audit   '@expo/image-utils': [ '0.8.12' ],
623 silly audit   '@expo/json-file': [ '10.0.12' ],
623 silly audit   '@expo/local-build-cache-provider': [ '55.0.6' ],
623 silly audit   '@expo/log-box': [ '55.0.7' ],
623 silly audit   '@expo/metro': [ '54.2.0' ],
623 silly audit   '@expo/metro-config': [ '55.0.9' ],
623 silly audit   postcss: [ '8.4.49', '8.5.8' ],
623 silly audit   'ci-info': [ '2.0.0', '3.9.0' ],
623 silly audit   metro: [ '0.83.3', '0.83.5' ],
623 silly audit   'metro-babel-transformer': [ '0.83.3', '0.83.5' ],
623 silly audit   'metro-cache': [ '0.83.3', '0.83.5' ],
623 silly audit   'metro-cache-key': [ '0.83.3', '0.83.5' ],
623 silly audit   'metro-config': [ '0.83.3', '0.83.5' ],
623 silly audit   'metro-core': [ '0.83.3', '0.83.5' ],
623 silly audit   'metro-file-map': [ '0.83.3', '0.83.5' ],
623 silly audit   'metro-minify-terser': [ '0.83.3', '0.83.5' ],
623 silly audit   'metro-resolver': [ '0.83.3', '0.83.5' ],
623 silly audit   'metro-runtime': [ '0.83.3', '0.83.5' ],
623 silly audit   'metro-source-map': [ '0.83.3', '0.83.5' ],
623 silly audit   'metro-symbolicate': [ '0.83.3', '0.83.5' ],
623 silly audit   'metro-transform-plugins': [ '0.83.3', '0.83.5' ],
623 silly audit   'metro-transform-worker': [ '0.83.3', '0.83.5' ],
623 silly audit   ob1: [ '0.83.3', '0.83.5' ],
623 silly audit   '@expo/osascript': [ '2.4.2' ],
623 silly audit   '@expo/package-manager': [ '1.10.3' ],
623 silly audit   '@expo/plist': [ '0.5.2' ],
623 silly audit   '@expo/prebuild-config': [ '55.0.8' ],
623 silly audit   '@expo/require-utils': [ '55.0.3' ],
623 silly audit   '@expo/schema-utils': [ '55.0.2' ],
623 silly audit   '@expo/sdk-runtime-versions': [ '1.0.0' ],
623 silly audit   '@expo/spawn-async': [ '1.7.2' ],
623 silly audit   '@expo/sudo-prompt': [ '9.3.2' ],
623 silly audit   '@expo/vector-icons': [ '15.1.1' ],
623 silly audit   '@expo/ws-tunnel': [ '1.0.6' ],
623 silly audit   '@expo/xcpretty': [ '4.4.1' ],
623 silly audit   argparse: [ '2.0.1', '1.0.10' ],
623 silly audit   'js-yaml': [ '4.1.1', '3.14.2' ],
623 silly audit   '@isaacs/ttlcache': [ '1.4.1' ],
623 silly audit   '@istanbuljs/load-nyc-config': [ '1.1.0' ],
623 silly audit   '@istanbuljs/schema': [ '0.1.3' ],
623 silly audit   '@jest/console': [ '29.7.0' ],
623 silly audit   '@jest/core': [ '29.7.0' ],
623 silly audit   '@jest/create-cache-key-function': [ '29.7.0' ],
623 silly audit   '@jest/environment': [ '29.7.0' ],
623 silly audit   '@jest/expect': [ '29.7.0' ],
623 silly audit   '@jest/expect-utils': [ '29.7.0' ],
623 silly audit   '@jest/fake-timers': [ '29.7.0' ],
623 silly audit   '@jest/globals': [ '29.7.0' ],
623 silly audit   '@jest/reporters': [ '29.7.0' ],
623 silly audit   'istanbul-lib-instrument': [ '6.0.3', '5.2.1' ],
623 silly audit   '@jest/schemas': [ '29.6.3' ],
623 silly audit   '@jest/source-map': [ '29.6.3' ],
623 silly audit   '@jest/test-result': [ '29.7.0' ],
623 silly audit   '@jest/test-sequencer': [ '29.7.0' ],
623 silly audit   '@jest/transform': [ '29.7.0' ],
623 silly audit   '@jest/types': [ '29.6.3' ],
623 silly audit   '@jridgewell/gen-mapping': [ '0.3.13' ],
623 silly audit   '@jridgewell/remapping': [ '2.3.5' ],
623 silly audit   '@jridgewell/resolve-uri': [ '3.1.2' ],
623 silly audit   '@jridgewell/source-map': [ '0.3.11' ],
623 silly audit   '@jridgewell/sourcemap-codec': [ '1.5.5' ],
623 silly audit   '@jridgewell/trace-mapping': [ '0.3.31' ],
623 silly audit   '@nodelib/fs.scandir': [ '2.1.5' ],
623 silly audit   '@nodelib/fs.stat': [ '2.0.5' ],
623 silly audit   '@nodelib/fs.walk': [ '1.2.8' ],
623 silly audit   '@react-native-async-storage/async-storage': [ '2.2.0' ],
623 silly audit   '@react-native-community/datetimepicker': [ '8.6.0' ],
623 silly audit   '@react-native-community/netinfo': [ '11.5.2' ],
623 silly audit   '@react-native/assets-registry': [ '0.83.2' ],
623 silly audit   '@react-native/babel-plugin-codegen': [ '0.83.2' ],
623 silly audit   '@react-native/babel-preset': [ '0.83.2' ],
623 silly audit   '@react-native/codegen': [ '0.83.2' ],
623 silly audit   '@react-native/community-cli-plugin': [ '0.83.2' ],
623 silly audit   '@react-native/debugger-frontend': [ '0.83.2' ],
623 silly audit   '@react-native/debugger-shell': [ '0.83.2' ],
623 silly audit   '@react-native/dev-middleware': [ '0.83.2' ],
623 silly audit   '@react-native/gradle-plugin': [ '0.83.2' ],
623 silly audit   '@react-native/js-polyfills': [ '0.83.2' ],
623 silly audit   '@react-native/normalize-colors': [ '0.83.2', '0.74.89' ],
623 silly audit   '@react-navigation/bottom-tabs': [ '7.15.5' ],
623 silly audit   '@react-navigation/core': [ '7.16.1' ],
623 silly audit   'react-is': [ '19.2.4', '16.13.1', '18.3.1' ],
623 silly audit   '@react-navigation/elements': [ '2.9.10' ],
623 silly audit   '@react-navigation/native': [ '7.1.33' ],
623 silly audit   '@react-navigation/native-stack': [ '7.14.4' ],
623 silly audit   '@react-navigation/routers': [ '7.5.3' ],
623 silly audit   '@react-navigation/stack': [ '7.8.4' ],
623 silly audit   '@shopify/react-native-skia': [ '2.4.18' ],
623 silly audit   '@sinclair/typebox': [ '0.27.10' ],
623 silly audit   '@sinonjs/commons': [ '3.0.1' ],
623 silly audit   '@sinonjs/fake-timers': [ '10.3.0' ],
623 silly audit   '@supabase/auth-js': [ '2.99.0' ],
623 silly audit   '@supabase/functions-js': [ '2.99.0' ],
623 silly audit   '@supabase/postgrest-js': [ '2.99.0' ],
623 silly audit   '@supabase/realtime-js': [ '2.99.0' ],
623 silly audit   '@supabase/storage-js': [ '2.99.0' ],
623 silly audit   '@supabase/supabase-js': [ '2.99.0' ],
623 silly audit   '@tootallnate/once': [ '2.0.0' ],
623 silly audit   '@types/babel__core': [ '7.20.5' ],
623 silly audit   '@types/babel__generator': [ '7.27.0' ],
623 silly audit   '@types/babel__template': [ '7.4.4' ],
623 silly audit   '@types/babel__traverse': [ '7.28.0' ],
623 silly audit   '@types/emscripten': [ '1.41.5' ],
623 silly audit   '@types/graceful-fs': [ '4.1.9' ],
623 silly audit   '@types/hammerjs': [ '2.0.46' ],
623 silly audit   '@types/istanbul-lib-coverage': [ '2.0.6' ],
623 silly audit   '@types/istanbul-lib-report': [ '3.0.3' ],
623 silly audit   '@types/istanbul-reports': [ '3.0.4' ],
623 silly audit   '@types/jest': [ '29.5.14' ],
623 silly audit   '@types/jsdom': [ '20.0.1' ],
623 silly audit   '@types/node': [ '25.3.3' ],
623 silly audit   '@types/phoenix': [ '1.6.7' ],
623 silly audit   '@types/react': [ '19.2.14' ],
623 silly audit   '@types/react-reconciler': [ '0.28.9' ],
623 silly audit   '@types/stack-utils': [ '2.0.3' ],
623 silly audit   '@types/tough-cookie': [ '4.0.5' ],
623 silly audit   '@types/ws': [ '8.18.1' ],
623 silly audit   '@types/yargs': [ '17.0.35' ],
623 silly audit   '@types/yargs-parser': [ '21.0.3' ],
623 silly audit   '@ungap/structured-clone': [ '1.3.0' ],
623 silly audit   '@webgpu/types': [ '0.1.21' ],
623 silly audit   '@xmldom/xmldom': [ '0.8.11' ],
623 silly audit   abab: [ '2.0.6' ],
623 silly audit   'abort-controller': [ '3.0.0' ],
623 silly audit   acorn: [ '8.16.0' ],
623 silly audit   'acorn-globals': [ '7.0.1' ],
623 silly audit   'acorn-walk': [ '8.3.5' ],
623 silly audit   'agent-base': [ '7.1.4', '6.0.2' ],
623 silly audit   anser: [ '1.4.10' ],
623 silly audit   'ansi-escapes': [ '4.3.2', '6.2.1' ],
623 silly audit   'type-fest': [ '0.21.3', '0.7.1', '5.4.4', '4.41.0' ],
623 silly audit   'ansi-regex': [ '5.0.1', '6.2.2', '4.1.1' ],
623 silly audit   'ansi-styles': [ '4.3.0', '3.2.1', '5.2.0' ],
623 silly audit   'any-promise': [ '1.3.0' ],
623 silly audit   anymatch: [ '3.1.3' ],
623 silly audit   arg: [ '5.0.2' ],
623 silly audit   'array-timsort': [ '1.0.3' ],
623 silly audit   asap: [ '2.0.6' ],
623 silly audit   asynckit: [ '0.4.0' ],
623 silly audit   'await-lock': [ '2.2.2' ],
623 silly audit   'babel-jest': [ '29.7.0' ],
623 silly audit   'babel-plugin-istanbul': [ '6.1.1' ],
623 silly audit   'babel-plugin-jest-hoist': [ '29.6.3' ],
623 silly audit   'babel-plugin-polyfill-corejs2': [ '0.4.16' ],
623 silly audit   'babel-plugin-polyfill-corejs3': [ '0.13.0' ],
623 silly audit   'babel-plugin-polyfill-regenerator': [ '0.6.7' ],
623 silly audit   'babel-plugin-react-compiler': [ '1.0.0' ],
623 silly audit   'babel-plugin-react-native-web': [ '0.21.2' ],
623 silly audit   'babel-plugin-syntax-hermes-parser': [ '0.32.0' ],
623 silly audit   'babel-plugin-transform-flow-enums': [ '0.0.2' ],
623 silly audit   'babel-preset-current-node-syntax': [ '1.2.0' ],
623 silly audit   'babel-preset-expo': [ '55.0.11' ],
623 silly audit   'babel-preset-jest': [ '29.6.3' ],
623 silly audit   badgin: [ '1.2.3' ],
623 silly audit   'barcode-detector': [ '3.1.1' ],
623 silly audit   'base64-js': [ '1.5.1' ],
623 silly audit   'baseline-browser-mapping': [ '2.10.0' ],
623 silly audit   'better-opn': [ '3.0.2' ],
623 silly audit   open: [ '8.4.2', '7.4.2' ],
623 silly audit   'big-integer': [ '1.6.52' ],
623 silly audit   'binary-extensions': [ '2.3.0' ],
623 silly audit   boolbase: [ '1.0.0' ],
623 silly audit   'bplist-creator': [ '0.1.0' ],
623 silly audit   'bplist-parser': [ '0.3.2', '0.3.1' ],
623 silly audit   braces: [ '3.0.3' ],
623 silly audit   browserslist: [ '4.28.1' ],
623 silly audit   bser: [ '2.1.1' ],
623 silly audit   buffer: [ '5.7.1' ],
623 silly audit   'buffer-from': [ '1.1.2' ],
623 silly audit   bytes: [ '3.1.2' ],
623 silly audit   'call-bind-apply-helpers': [ '1.0.2' ],
623 silly audit   callsites: [ '3.1.0' ],
623 silly audit   camelcase: [ '5.3.1', '6.3.0' ],
623 silly audit   'camelcase-css': [ '2.0.1' ],
623 silly audit   'caniuse-lite': [ '1.0.30001776' ],
623 silly audit   'canvaskit-wasm': [ '0.40.0' ],
623 silly audit   chalk: [ '4.1.2', '3.0.0', '2.4.2' ],
623 silly audit   'char-regex': [ '1.0.2', '2.0.2' ],
623 silly audit   chokidar: [ '3.6.0' ],
623 silly audit   'glob-parent': [ '5.1.2', '6.0.2' ],
623 silly audit   'chrome-launcher': [ '0.15.2' ],
623 silly audit   'chromium-edge-launcher': [ '0.2.0' ],
623 silly audit   'cjs-module-lexer': [ '1.4.3' ],
623 silly audit   'cli-cursor': [ '2.1.0' ],
623 silly audit   'cli-spinners': [ '2.9.2' ],
623 silly audit   cliui: [ '8.0.1', '6.0.0' ],
623 silly audit   clone: [ '1.0.4' ],
623 silly audit   co: [ '4.6.0' ],
623 silly audit   'collect-v8-coverage': [ '1.0.3' ],
623 silly audit   color: [ '4.2.3', '3.2.1' ],
623 silly audit   'color-convert': [ '2.0.1', '1.9.3' ],
623 silly audit   'color-name': [ '1.1.4', '1.1.3' ],
623 silly audit   'color-string': [ '1.9.1' ],
623 silly audit   'combined-stream': [ '1.0.8' ],
623 silly audit   commander: [ '12.1.0', '7.2.0', '4.1.1', '2.20.3', '14.0.3' ],
623 silly audit   'comment-json': [ '4.6.2' ],
623 silly audit   compressible: [ '2.0.18' ],
623 silly audit   compression: [ '1.8.1' ],
623 silly audit   ms: [ '2.0.0', '2.1.3' ],
623 silly audit   'concat-map': [ '0.0.1' ],
623 silly audit   connect: [ '3.7.0' ],
623 silly audit   'convert-source-map': [ '2.0.0' ],
623 silly audit   'core-js-compat': [ '3.48.0' ],
623 silly audit   'create-jest': [ '29.7.0' ],
623 silly audit   'cross-fetch': [ '3.2.0' ],
623 silly audit   'cross-spawn': [ '7.0.6' ],
623 silly audit   'css-in-js-utils': [ '3.1.0' ],
623 silly audit   'css-select': [ '5.2.2' ],
623 silly audit   'css-tree': [ '1.1.3' ],
623 silly audit   'source-map': [ '0.6.1', '0.5.7', '0.5.6' ],
623 silly audit   'css-what': [ '6.2.2' ],
623 silly audit   cssesc: [ '3.0.0' ],
623 silly audit   cssom: [ '0.5.0', '0.3.8' ],
623 silly audit   cssstyle: [ '2.3.0' ],
623 silly audit   csstype: [ '3.2.3' ],
623 silly audit   'd3-array': [ '3.2.4' ],
623 silly audit   'd3-color': [ '3.1.0' ],
623 silly audit   'd3-dispatch': [ '3.0.1' ],
623 silly audit   'd3-drag': [ '3.0.0' ],
623 silly audit   'd3-ease': [ '3.0.1' ],
623 silly audit   'd3-format': [ '3.1.2' ],
623 silly audit   'd3-interpolate': [ '3.0.1' ],
623 silly audit   'd3-path': [ '3.1.0' ],
623 silly audit   'd3-scale': [ '4.0.2' ],
623 silly audit   'd3-selection': [ '3.0.0' ],
623 silly audit   'd3-shape': [ '3.2.0' ],
623 silly audit   'd3-time': [ '3.1.0' ],
623 silly audit   'd3-time-format': [ '4.1.0' ],
623 silly audit   'd3-timer': [ '3.0.1' ],
623 silly audit   'd3-transition': [ '3.0.1' ],
623 silly audit   'd3-zoom': [ '3.0.0' ],
623 silly audit   'data-urls': [ '3.0.2' ],
623 silly audit   tr46: [ '3.0.0', '0.0.3' ],
623 silly audit   'webidl-conversions': [ '7.0.0', '3.0.1', '5.0.0' ],
623 silly audit   'whatwg-url': [ '11.0.0', '5.0.0' ],
623 silly audit   decamelize: [ '1.2.0' ],
623 silly audit   'decimal.js': [ '10.6.0' ],
623 silly audit   'decode-uri-component': [ '0.2.2' ],
623 silly audit   dedent: [ '1.7.2' ],
623 silly audit   defaults: [ '1.0.4' ],
623 silly audit   'define-lazy-prop': [ '2.0.0' ],
623 silly audit   'delayed-stream': [ '1.0.0' ],
623 silly audit   depd: [ '2.0.0' ],
623 silly audit   destroy: [ '1.2.0' ],
623 silly audit   'detect-libc': [ '2.1.2', '1.0.3' ],
623 silly audit   'detect-newline': [ '3.1.0' ],
623 silly audit   didyoumean: [ '1.2.2' ],
623 silly audit   'diff-sequences': [ '29.6.3' ],
623 silly audit   dijkstrajs: [ '1.0.3' ],
623 silly audit   dlv: [ '1.1.3' ],
623 silly audit   'dnssd-advertise': [ '1.1.3' ],
623 silly audit   'dom-serializer': [ '2.0.0' ],
623 silly audit   domelementtype: [ '2.3.0' ],
623 silly audit   domexception: [ '4.0.0' ],
623 silly audit   domhandler: [ '5.0.3' ],
623 silly audit   domutils: [ '3.2.2' ],
623 silly audit   'dunder-proto': [ '1.0.1' ],
623 silly audit   'ee-first': [ '1.1.1' ],
623 silly audit   'electron-to-chromium': [ '1.5.307' ],
623 silly audit   emittery: [ '0.13.1' ],
623 silly audit   'emoji-regex': [ '8.0.0' ],
623 silly audit   encodeurl: [ '1.0.2', '2.0.0' ],
623 silly audit   entities: [ '4.5.0', '6.0.1' ],
623 silly audit   'error-ex': [ '1.3.4' ],
623 silly audit   'is-arrayish': [ '0.2.1', '0.3.4' ],
623 silly audit   'error-stack-parser': [ '2.1.4' ],
623 silly audit   'es-define-property': [ '1.0.1' ],
623 silly audit   'es-errors': [ '1.3.0' ],
623 silly audit   'es-object-atoms': [ '1.1.1' ],
623 silly audit   'es-set-tostringtag': [ '2.1.0' ],
623 silly audit   escalade: [ '3.2.0' ],
623 silly audit   'escape-html': [ '1.0.3' ],
623 silly audit   'escape-string-regexp': [ '4.0.0', '1.0.5', '2.0.0' ],
623 silly audit   escodegen: [ '2.1.0' ],
623 silly audit   esprima: [ '4.0.1' ],
623 silly audit   estraverse: [ '5.3.0' ],
623 silly audit   esutils: [ '2.0.3' ],
623 silly audit   etag: [ '1.8.1' ],
623 silly audit   'event-target-shim': [ '5.0.1' ],
623 silly audit   execa: [ '5.1.1' ],
623 silly audit   'mimic-fn': [ '2.1.0', '1.2.0' ],
623 silly audit   onetime: [ '5.1.2', '2.0.1' ],
623 silly audit   exit: [ '0.1.2' ],
623 silly audit   expect: [ '29.7.0' ],
623 silly audit   expo: [ '55.0.6' ],
623 silly audit   'expo-application': [ '55.0.10' ],
623 silly audit   'expo-asset': [ '55.0.8' ],
623 silly audit   'expo-build-properties': [ '55.0.10' ],
623 silly audit   'expo-camera': [ '55.0.10' ],
623 silly audit   'expo-constants': [ '55.0.9' ],
623 silly audit   'expo-crypto': [ '55.0.10' ],
623 silly audit   'expo-device': [ '55.0.10' ],
623 silly audit   'ua-parser-js': [ '0.7.41', '1.0.41' ],
623 silly audit   'expo-file-system': [ '55.0.11' ],
623 silly audit   'expo-font': [ '55.0.4' ],
623 silly audit   'expo-haptics': [ '55.0.9' ],
623 silly audit   'expo-image-loader': [ '55.0.0' ],
623 silly audit   'expo-image-picker': [ '55.0.13' ],
623 silly audit   'expo-keep-awake': [ '55.0.4' ],
623 silly audit   'expo-linear-gradient': [ '55.0.9' ],
623 silly audit   'expo-linking': [ '55.0.8' ],
623 silly audit   'expo-local-authentication': [ '55.0.9' ],
623 silly audit   'expo-modules-autolinking': [ '55.0.9' ],
623 silly audit   'expo-modules-core': [ '55.0.15' ],
623 silly audit   'expo-notifications': [ '55.0.13' ],
623 silly audit   'expo-print': [ '55.0.9' ],
623 silly audit   'expo-secure-store': [ '55.0.9' ],
623 silly audit   'expo-server': [ '55.0.6' ],
623 silly audit   'expo-sharing': [ '55.0.14' ],
623 silly audit   'expo-sqlite': [ '55.0.11' ],
623 silly audit   'expo-status-bar': [ '55.0.4' ],
623 silly audit   'exponential-backoff': [ '3.1.3' ],
623 silly audit   'fast-base64-decode': [ '1.0.0' ],
623 silly audit   'fast-deep-equal': [ '3.1.3' ],
623 silly audit   'fast-glob': [ '3.3.3' ],
623 silly audit   'fast-json-stable-stringify': [ '2.1.0' ],
623 silly audit   fastq: [ '1.20.1' ],
623 silly audit   'fb-dotslash': [ '0.5.8' ],
623 silly audit   'fb-watchman': [ '2.0.2' ],
623 silly audit   fbjs: [ '3.0.5' ],
623 silly audit   'fbjs-css-vars': [ '1.0.2' ],
623 silly audit   promise: [ '7.3.1', '8.3.0' ],
623 silly audit   'fetch-nodeshim': [ '0.4.9' ],
623 silly audit   'fill-range': [ '7.1.1' ],
623 silly audit   'filter-obj': [ '1.1.0' ],
623 silly audit   finalhandler: [ '1.1.2', '2.1.1' ],
623 silly audit   'find-up': [ '4.1.0' ],
623 silly audit   'flow-enums-runtime': [ '0.0.6' ],
623 silly audit   fontfaceobserver: [ '2.3.0' ],
623 silly audit   'form-data': [ '4.0.5' ],
623 silly audit   fresh: [ '0.5.2', '2.0.0' ],
623 silly audit   'fs.realpath': [ '1.0.0' ],
623 silly audit   fsevents: [ '2.3.3' ],
623 silly audit   'function-bind': [ '1.1.2' ],
623 silly audit   gensync: [ '1.0.0-beta.2' ],
623 silly audit   'get-caller-file': [ '2.0.5' ],
623 silly audit   'get-intrinsic': [ '1.3.0' ],
623 silly audit   'get-package-type': [ '0.1.0' ],
623 silly audit   'get-proto': [ '1.0.1' ],
623 silly audit   'get-stream': [ '6.0.1' ],
623 silly audit   getenv: [ '2.0.0' ],
623 silly audit   gopd: [ '1.2.0' ],
623 silly audit   'graceful-fs': [ '4.2.11' ],
623 silly audit   'has-flag': [ '4.0.0', '3.0.0' ],
623 silly audit   'has-symbols': [ '1.1.0' ],
623 silly audit   'has-tostringtag': [ '1.0.2' ],
623 silly audit   hasown: [ '2.0.2' ],
623 silly audit   'hermes-compiler': [ '0.14.1' ],
623 silly audit   'hermes-estree': [ '0.32.0', '0.33.3' ],
623 silly audit   'hermes-parser': [ '0.32.0', '0.33.3' ],
623 silly audit   'hoist-non-react-statics': [ '3.3.2' ],
623 silly audit   'hosted-git-info': [ '7.0.2' ],
623 silly audit   'lru-cache': [ '10.4.3', '5.1.1', '11.2.6' ],
623 silly audit   'html-encoding-sniffer': [ '3.0.0' ],
623 silly audit   'html-escaper': [ '2.0.2' ],
623 silly audit   'http-errors': [ '2.0.1' ],
623 silly audit   statuses: [ '2.0.2', '1.5.0' ],
623 silly audit   'http-proxy-agent': [ '5.0.0' ],
623 silly audit   'https-proxy-agent': [ '7.0.6', '5.0.1' ],
623 silly audit   'human-signals': [ '2.1.0' ],
623 silly audit   'hyphenate-style-name': [ '1.1.0' ],
623 silly audit   'iceberg-js': [ '0.8.1' ],
623 silly audit   'iconv-lite': [ '0.6.3', '0.7.2' ],
623 silly audit   ieee754: [ '1.2.1' ],
623 silly audit   ignore: [ '5.3.2' ],
623 silly audit   'image-size': [ '1.2.1' ],
623 silly audit   'import-local': [ '3.2.0' ],
623 silly audit   imurmurhash: [ '0.1.4' ],
623 silly audit   inflight: [ '1.0.6' ],
623 silly audit   inherits: [ '2.0.4' ],
623 silly audit   'inline-style-prefixer': [ '7.0.1' ],
623 silly audit   internmap: [ '2.0.3' ],
623 silly audit   invariant: [ '2.2.4' ],
623 silly audit   'is-binary-path': [ '2.1.0' ],
623 silly audit   'is-core-module': [ '2.16.1' ],
623 silly audit   'is-docker': [ '2.2.1' ],
623 silly audit   'is-extglob': [ '2.1.1' ],
623 silly audit   'is-fullwidth-code-point': [ '3.0.0' ],
623 silly audit   'is-generator-fn': [ '2.1.0' ],
623 silly audit   'is-glob': [ '4.0.3' ],
623 silly audit   'is-number': [ '7.0.0' ],
623 silly audit   'is-plain-obj': [ '2.1.0' ],
623 silly audit   'is-potential-custom-element-name': [ '1.0.1' ],
623 silly audit   'is-stream': [ '2.0.1' ],
623 silly audit   'is-wsl': [ '2.2.0' ],
623 silly audit   isexe: [ '2.0.0' ],
623 silly audit   'istanbul-lib-coverage': [ '3.2.2' ],
623 silly audit   'istanbul-lib-report': [ '3.0.1' ],
623 silly audit   'istanbul-lib-source-maps': [ '4.0.1' ],
623 silly audit   'istanbul-reports': [ '3.2.0' ],
623 silly audit   'its-fine': [ '1.2.5' ],
623 silly audit   jest: [ '29.7.0' ],
623 silly audit   'jest-changed-files': [ '29.7.0' ],
623 silly audit   'p-limit': [ '3.1.0', '2.3.0' ],
623 silly audit   'jest-circus': [ '29.7.0' ],
623 silly audit   'jest-cli': [ '29.7.0' ],
623 silly audit   'jest-config': [ '29.7.0' ],
623 silly audit   'jest-diff': [ '29.7.0' ],
623 silly audit   'jest-docblock': [ '29.7.0' ],
623 silly audit   'jest-each': [ '29.7.0' ],
623 silly audit   'jest-environment-jsdom': [ '29.7.0' ],
623 silly audit   'jest-environment-node': [ '29.7.0' ],
623 silly audit   'jest-expo': [ '55.0.11' ],
623 silly audit   'jest-get-type': [ '29.6.3' ],
623 silly audit   'jest-haste-map': [ '29.7.0' ],
623 silly audit   'jest-leak-detector': [ '29.7.0' ],
623 silly audit   'jest-matcher-utils': [ '29.7.0' ],
623 silly audit   'jest-message-util': [ '29.7.0' ],
623 silly audit   'jest-mock': [ '29.7.0' ],
623 silly audit   'jest-pnp-resolver': [ '1.2.3' ],
623 silly audit   'jest-regex-util': [ '29.6.3' ],
623 silly audit   'jest-resolve': [ '29.7.0' ],
623 silly audit   'jest-resolve-dependencies': [ '29.7.0' ],
623 silly audit   'jest-runner': [ '29.7.0' ],
623 silly audit   'source-map-support': [ '0.5.13', '0.5.21' ],
623 silly audit   'jest-runtime': [ '29.7.0' ],
623 silly audit   'jest-snapshot': [ '29.7.0' ],
623 silly audit   'jest-util': [ '29.7.0' ],
623 silly audit   'jest-validate': [ '29.7.0' ],
623 silly audit   'jest-watch-select-projects': [ '2.0.0' ],
623 silly audit   'jest-watch-typeahead': [ '2.2.1' ],
623 silly audit   slash: [ '5.1.0', '3.0.0' ],
623 silly audit   'string-length': [ '5.0.1', '4.0.2' ],
623 silly audit   'strip-ansi': [ '7.2.0', '5.2.0', '6.0.1' ],
623 silly audit   'jest-watcher': [ '29.7.0' ],
623 silly audit   'jest-worker': [ '29.7.0' ],
623 silly audit   'supports-color': [ '8.1.1', '5.5.0', '7.2.0' ],
623 silly audit   'jimp-compact': [ '0.16.1' ],
623 silly audit   jiti: [ '1.21.7' ],
623 silly audit   'js-tokens': [ '4.0.0' ],
623 silly audit   'jsc-safe-url': [ '0.2.4' ],
623 silly audit   jsdom: [ '20.0.3' ],
623 silly audit   jsesc: [ '3.1.0' ],
623 silly audit   'json-parse-even-better-errors': [ '2.3.1' ],
623 silly audit   json5: [ '2.2.3' ],
623 silly audit   kleur: [ '3.0.3' ],
623 silly audit   'lan-network': [ '0.2.0' ],
623 silly audit   leven: [ '3.1.0' ],
623 silly audit   'lighthouse-logger': [ '1.4.2' ],
623 silly audit   lightningcss: [ '1.32.0', '1.27.0' ],
623 silly audit   'lightningcss-android-arm64': [ '1.32.0' ],
623 silly audit   'lightningcss-darwin-arm64': [ '1.32.0', '1.27.0' ],
623 silly audit   'lightningcss-darwin-x64': [ '1.32.0', '1.27.0' ],
623 silly audit   'lightningcss-freebsd-x64': [ '1.32.0', '1.27.0' ],
623 silly audit   'lightningcss-linux-arm-gnueabihf': [ '1.32.0', '1.27.0' ],
623 silly audit   'lightningcss-linux-arm64-gnu': [ '1.32.0', '1.27.0' ],
623 silly audit   'lightningcss-linux-arm64-musl': [ '1.32.0', '1.27.0' ],
623 silly audit   'lightningcss-linux-x64-gnu': [ '1.32.0', '1.27.0' ],
623 silly audit   'lightningcss-linux-x64-musl': [ '1.32.0', '1.27.0' ],
623 silly audit   'lightningcss-win32-arm64-msvc': [ '1.32.0', '1.27.0' ],
623 silly audit   'lightningcss-win32-x64-msvc': [ '1.32.0', '1.27.0' ],
623 silly audit   lilconfig: [ '3.1.3' ],
623 silly audit   'lines-and-columns': [ '1.2.4' ],
623 silly audit   'locate-path': [ '5.0.0' ],
623 silly audit   lodash: [ '4.17.23' ],
623 silly audit   'lodash.debounce': [ '4.0.8' ],
623 silly audit   'lodash.throttle': [ '4.1.1' ],
623 silly audit   'log-symbols': [ '2.2.0' ],
623 silly audit   'loose-envify': [ '1.4.0' ],
623 silly audit   'make-dir': [ '4.0.0' ],
623 silly audit   makeerror: [ '1.0.12' ],
623 silly audit   marky: [ '1.3.0' ],
623 silly audit   'math-intrinsics': [ '1.1.0' ],
623 silly audit   'mdn-data': [ '2.0.14' ],
623 silly audit   'memoize-one': [ '5.2.1', '6.0.0' ],
623 silly audit   'merge-options': [ '3.0.4' ],
623 silly audit   'merge-stream': [ '2.0.0' ],
623 silly audit   merge2: [ '1.4.1' ],
623 silly audit   micromatch: [ '4.0.8' ],
623 silly audit   mime: [ '1.6.0' ],
623 silly audit   minipass: [ '7.1.3' ],
623 silly audit   mkdirp: [ '1.0.4' ],
623 silly audit   multitars: [ '0.2.4' ],
623 silly audit   mz: [ '2.7.0' ],
623 silly audit   nanoid: [ '3.3.11' ],
623 silly audit   nativewind: [ '4.2.2' ],
623 silly audit   'natural-compare': [ '1.4.0' ],
623 silly audit   'node-fetch': [ '2.7.0' ],
623 silly audit   'node-forge': [ '1.3.3' ],
623 silly audit   'node-int64': [ '0.4.0' ],
623 silly audit   'node-releases': [ '2.0.36' ],
623 silly audit   'normalize-path': [ '3.0.0' ],
623 silly audit   'npm-package-arg': [ '11.0.3' ],
623 silly audit   'npm-run-path': [ '4.0.1' ],
623 silly audit   'nth-check': [ '2.1.1' ],
623 silly audit   nullthrows: [ '1.1.1' ],
623 silly audit   nwsapi: [ '2.2.23' ],
623 silly audit   'object-assign': [ '4.1.1' ],
623 silly audit   'object-hash': [ '3.0.0' ],
623 silly audit   'on-finished': [ '2.3.0', '2.4.1' ],
623 silly audit   'on-headers': [ '1.1.0' ],
623 silly audit   once: [ '1.4.0' ],
623 silly audit   ora: [ '3.4.0' ],
623 silly audit   'p-locate': [ '4.1.0' ],
623 silly audit   'p-try': [ '2.2.0' ],
623 silly audit   'parse-json': [ '5.2.0' ],
623 silly audit   'parse-png': [ '2.1.0' ],
623 silly audit   parse5: [ '7.3.0' ],
623 silly audit   parseurl: [ '1.3.3' ],
623 silly audit   'path-exists': [ '4.0.0' ],
623 silly audit   'path-is-absolute': [ '1.0.1' ],
623 silly audit   'path-key': [ '3.1.1' ],
623 silly audit   'path-parse': [ '1.0.7' ],
623 silly audit   'path-scurry': [ '2.0.2' ],
623 silly audit   picocolors: [ '1.1.1' ],
623 silly audit   pify: [ '2.3.0' ],
623 silly audit   pirates: [ '4.0.7' ],
623 silly audit   'pkg-dir': [ '4.2.0' ],
623 silly audit   plist: [ '3.1.0' ],
623 silly audit   pngjs: [ '3.4.0', '5.0.0' ],
623 silly audit   'postcss-import': [ '15.1.0' ],
623 silly audit   'postcss-js': [ '4.1.0' ],
623 silly audit   'postcss-load-config': [ '6.0.1' ],
623 silly audit   'postcss-nested': [ '6.2.0' ],
623 silly audit   'postcss-selector-parser': [ '6.1.2' ],
623 silly audit   'postcss-value-parser': [ '4.2.0' ],
623 silly audit   'pretty-format': [ '29.7.0' ],
623 silly audit   'proc-log': [ '4.2.0' ],
623 silly audit   progress: [ '2.0.3' ],
623 silly audit   prompts: [ '2.4.2' ],
623 silly audit   'prop-types': [ '15.8.1' ],
623 silly audit   psl: [ '1.15.0' ],
623 silly audit   punycode: [ '2.3.1' ],
623 silly audit   'pure-rand': [ '6.1.0' ],
623 silly audit   qrcode: [ '1.5.4' ],
623 silly audit   'wrap-ansi': [ '6.2.0', '7.0.0' ],
623 silly audit   y18n: [ '4.0.3', '5.0.8' ],
623 silly audit   yargs: [ '15.4.1', '17.7.2' ],
623 silly audit   'yargs-parser': [ '18.1.3', '21.1.1' ],
623 silly audit   'query-string': [ '7.1.3' ],
623 silly audit   querystringify: [ '2.2.0' ],
623 silly audit   queue: [ '6.0.2' ],
623 silly audit   'queue-microtask': [ '1.2.3' ],
623 silly audit   'range-parser': [ '1.2.1' ],
623 silly audit   react: [ '19.2.0' ],
623 silly audit   'react-devtools-core': [ '6.1.5' ],
623 silly audit   'react-dom': [ '19.2.0' ],
623 silly audit   'react-fast-compare': [ '3.2.2' ],
623 silly audit   'react-freeze': [ '1.0.4' ],
623 silly audit   'react-native': [ '0.83.2' ],
623 silly audit   'react-native-css-interop': [ '0.2.2' ],
623 silly audit   'react-native-gesture-handler': [ '2.30.0' ],
623 silly audit   'react-native-get-random-values': [ '1.11.0' ],
623 silly audit   'react-native-is-edge-to-edge': [ '1.3.1', '1.2.1' ],
623 silly audit   'react-native-mmkv': [ '4.2.0' ],
623 silly audit   'react-native-nitro-modules': [ '0.35.0' ],
623 silly audit   'react-native-paper': [ '5.15.0' ],
623 silly audit   'react-native-qrcode-svg': [ '6.3.21' ],
623 silly audit   'react-native-reanimated': [ '4.2.1' ],
623 silly audit   'react-native-safe-area-context': [ '5.6.2' ],
623 silly audit   'react-native-screens': [ '4.23.0' ],
623 silly audit   'react-native-svg': [ '15.15.3' ],
623 silly audit   'react-native-url-polyfill': [ '3.0.0' ],
623 silly audit   'react-native-web': [ '0.21.2' ],
623 silly audit   'react-native-worklets': [ '0.7.2' ],
623 silly audit   '@react-native/virtualized-lists': [ '0.83.2' ],
623 silly audit   'react-reconciler': [ '0.31.0' ],
623 silly audit   scheduler: [ '0.25.0', '0.27.0' ],
623 silly audit   'react-refresh': [ '0.14.2' ],
623 silly audit   'react-test-renderer': [ '19.2.0' ],
623 silly audit   'read-cache': [ '1.0.0' ],
623 silly audit   readdirp: [ '3.6.0' ],
623 silly audit   regenerate: [ '1.4.2' ],
623 silly audit   'regenerate-unicode-properties': [ '10.2.2' ],
623 silly audit   'regenerator-runtime': [ '0.13.11' ],
623 silly audit   'regexpu-core': [ '6.4.0' ],
623 silly audit   regjsgen: [ '0.8.0' ],
623 silly audit   regjsparser: [ '0.13.0' ],
623 silly audit   'require-directory': [ '2.1.1' ],
623 silly audit   'require-main-filename': [ '2.0.0' ],
623 silly audit   'requires-port': [ '1.0.0' ],
623 silly audit   resolve: [ '1.22.11' ],
623 silly audit   'resolve-cwd': [ '3.0.0' ],
623 silly audit   'resolve-from': [ '5.0.0' ],
623 silly audit   'resolve-workspace-root': [ '2.0.1' ],
623 silly audit   'resolve.exports': [ '2.0.3' ],
623 silly audit   'restore-cursor': [ '2.0.0' ],
623 silly audit   reusify: [ '1.1.0' ],
623 silly audit   rimraf: [ '3.0.2' ],
623 silly audit   'run-parallel': [ '1.2.0' ],
623 silly audit   'safe-buffer': [ '5.2.1' ],
623 silly audit   'safer-buffer': [ '2.1.2' ],
623 silly audit   sax: [ '1.5.0' ],
623 silly audit   saxes: [ '6.0.0' ],
623 silly audit   send: [ '0.19.2', '1.2.1' ],
623 silly audit   'serialize-error': [ '2.1.0' ],
623 silly audit   'serve-static': [ '1.16.3', '2.2.1' ],
623 silly audit   'server-only': [ '0.0.1' ],
623 silly audit   'set-blocking': [ '2.0.0' ],
623 silly audit   setimmediate: [ '1.0.5' ],
623 silly audit   setprototypeof: [ '1.2.0' ],
623 silly audit   'sf-symbols-typescript': [ '2.2.0' ],
623 silly audit   'shebang-command': [ '2.0.0' ],
623 silly audit   'shebang-regex': [ '3.0.0' ],
623 silly audit   'shell-quote': [ '1.8.3' ],
623 silly audit   'signal-exit': [ '3.0.7' ],
623 silly audit   'simple-plist': [ '1.3.1' ],
623 silly audit   'simple-swizzle': [ '0.2.4' ],
623 silly audit   sisteransi: [ '1.0.5' ],
623 silly audit   slugify: [ '1.6.6' ],
623 silly audit   'source-map-js': [ '1.2.1' ],
623 silly audit   'split-on-first': [ '1.1.0' ],
623 silly audit   'sprintf-js': [ '1.0.3' ],
623 silly audit   'stack-generator': [ '2.0.10' ],
623 silly audit   'stack-utils': [ '2.0.6' ],
623 silly audit   stackframe: [ '1.3.4' ],
623 silly audit   'stacktrace-gps': [ '3.1.2' ],
623 silly audit   'stacktrace-js': [ '2.0.2' ],
623 silly audit   'stacktrace-parser': [ '0.1.11' ],
623 silly audit   'stream-buffers': [ '2.2.0' ],
623 silly audit   'strict-uri-encode': [ '2.0.0' ],
623 silly audit   'string-width': [ '4.2.3' ],
623 silly audit   'strip-bom': [ '4.0.0' ],
623 silly audit   'strip-final-newline': [ '2.0.0' ],
623 silly audit   'strip-json-comments': [ '3.1.1' ],
623 silly audit   'structured-headers': [ '0.4.1' ],
623 silly audit   styleq: [ '0.1.3' ],
623 silly audit   sucrase: [ '3.35.1' ],
623 silly audit   'supports-hyperlinks': [ '2.3.0' ],
623 silly audit   'supports-preserve-symlinks-flag': [ '1.0.0' ],
623 silly audit   'symbol-tree': [ '3.2.4' ],
623 silly audit   'tagged-tag': [ '1.0.0' ],
623 silly audit   tailwindcss: [ '3.4.19' ],
623 silly audit   'terminal-link': [ '2.1.1' ],
623 silly audit   terser: [ '5.46.0' ],
623 silly audit   'test-exclude': [ '6.0.0' ],
623 silly audit   'text-encoding': [ '0.7.0' ],
623 silly audit   thenify: [ '3.3.1' ],
623 silly audit   'thenify-all': [ '1.6.0' ],
623 silly audit   throat: [ '5.0.0' ],
623 silly audit   tinyglobby: [ '0.2.15' ],
623 silly audit   fdir: [ '6.5.0' ],
623 silly audit   tmpl: [ '1.0.5' ],
623 silly audit   'to-regex-range': [ '5.0.1' ],
623 silly audit   toidentifier: [ '1.0.1' ],
623 silly audit   toqr: [ '0.1.1' ],
623 silly audit   'tough-cookie': [ '4.1.4' ],
623 silly audit   'ts-interface-checker': [ '0.1.13' ],
623 silly audit   tslib: [ '2.8.1' ],
623 silly audit   'type-detect': [ '4.0.8' ],
623 silly audit   typescript: [ '5.9.3' ],
623 silly audit   'undici-types': [ '7.18.2' ],
623 silly audit   'unicode-canonical-property-names-ecmascript': [ '2.0.1' ],
623 silly audit   'unicode-match-property-ecmascript': [ '2.0.0' ],
623 silly audit   'unicode-match-property-value-ecmascript': [ '2.2.1' ],
623 silly audit   'unicode-property-aliases-ecmascript': [ '2.2.0' ],
623 silly audit   universalify: [ '0.2.0', '2.0.1' ],
623 silly audit   unpipe: [ '1.0.0' ],
623 silly audit   'update-browserslist-db': [ '1.2.3' ],
623 silly audit   'url-parse': [ '1.5.10' ],
623 silly audit   'use-latest-callback': [ '0.2.6' ],
623 silly audit   'use-sync-external-store': [ '1.6.0' ],
623 silly audit   'util-deprecate': [ '1.0.2' ],
623 silly audit   'utils-merge': [ '1.0.1' ],
623 silly audit   uuid: [ '13.0.0', '7.0.3' ],
623 silly audit   'v8-to-istanbul': [ '9.3.0' ],
623 silly audit   'validate-npm-package-name': [ '5.0.1' ],
623 silly audit   vary: [ '1.1.2' ],
623 silly audit   'victory-native': [ '41.20.2' ],
623 silly audit   vlq: [ '1.0.1' ],
623 silly audit   'w3c-xmlserializer': [ '4.0.0' ],
623 silly audit   walker: [ '1.0.8' ],
623 silly audit   'warn-once': [ '0.1.1' ],
623 silly audit   wcwidth: [ '1.0.1' ],
623 silly audit   'whatwg-encoding': [ '2.0.0' ],
623 silly audit   'whatwg-fetch': [ '3.6.20' ],
623 silly audit   'whatwg-mimetype': [ '3.0.0' ],
623 silly audit   'whatwg-url-minimum': [ '0.1.1' ],
623 silly audit   'whatwg-url-without-unicode': [ '8.0.0-3' ],
623 silly audit   which: [ '2.0.2' ],
623 silly audit   'which-module': [ '2.0.1' ],
623 silly audit   wrappy: [ '1.0.2' ],
623 silly audit   'write-file-atomic': [ '4.0.2' ],
623 silly audit   xcode: [ '3.0.1' ],
623 silly audit   'xml-name-validator': [ '4.0.0' ],
623 silly audit   xml2js: [ '0.6.0' ],
623 silly audit   xmlbuilder: [ '11.0.1', '15.1.1' ],
623 silly audit   xmlchars: [ '2.2.0' ],
623 silly audit   yallist: [ '3.1.1' ],
623 silly audit   yaml: [ '2.8.2' ],
623 silly audit   'yocto-queue': [ '0.1.0' ],
623 silly audit   zod: [ '3.25.76' ],
623 silly audit   zustand: [ '5.0.11' ],
623 silly audit   'zxing-wasm': [ '3.0.1' ],
623 silly audit   '@testsprite/testsprite-mcp': [ '0.0.36' ],
623 silly audit   '@datadog/browser-rum': [ '6.32.0' ],
623 silly audit   '@datadog/browser-rum-react': [ '6.32.0' ],
623 silly audit   '@llmcode/yamux-ts': [ '0.0.2' ],
623 silly audit   '@modelcontextprotocol/sdk': [ '1.29.0' ],
623 silly audit   axios: [ '1.14.0' ],
623 silly audit   'cli-progress': [ '3.12.0' ],
623 silly audit   conf: [ '13.1.0' ],
623 silly audit   express: [ '5.2.1' ],
623 silly audit   'fs-extra': [ '11.3.4' ],
623 silly audit   'http-proxy': [ '1.18.1' ],
623 silly audit   jschardet: [ '3.1.4' ],
623 silly audit   'markdown-it': [ '14.1.1' ],
623 silly audit   multer: [ '2.1.1' ],
623 silly audit   'proper-lockfile': [ '4.1.2' ],
623 silly audit   'simple-git': [ '3.33.0' ],
623 silly audit   socks: [ '2.8.7' ],
623 silly audit   'zod-to-json-schema': [ '3.25.2' ],
623 silly audit   '@datadog/browser-core': [ '6.32.0' ],
623 silly audit   '@datadog/browser-rum-core': [ '6.32.0' ],
623 silly audit   '@hono/node-server': [ '1.19.12' ],
623 silly audit   hono: [ '4.12.9' ],
623 silly audit   ajv: [ '8.18.0' ],
623 silly audit   'ajv-formats': [ '3.0.1' ],
623 silly audit   'content-type': [ '1.0.5' ],
623 silly audit   cors: [ '2.8.6' ],
623 silly audit   eventsource: [ '3.0.7' ],
623 silly audit   'eventsource-parser': [ '3.0.6' ],
623 silly audit   'express-rate-limit': [ '8.3.2' ],
623 silly audit   jose: [ '6.2.2' ],
623 silly audit   'json-schema-typed': [ '8.0.2' ],
623 silly audit   'pkce-challenge': [ '5.0.1' ],
623 silly audit   'raw-body': [ '3.0.2' ],
623 silly audit   'fast-uri': [ '3.1.0' ],
623 silly audit   'json-schema-traverse': [ '1.0.0' ],
623 silly audit   'require-from-string': [ '2.0.2' ],
623 silly audit   'follow-redirects': [ '1.15.11' ],
623 silly audit   'proxy-from-env': [ '2.1.0' ],
623 silly audit   atomically: [ '2.1.1' ],
623 silly audit   'debounce-fn': [ '6.0.0' ],
623 silly audit   'dot-prop': [ '9.0.0' ],
623 silly audit   'env-paths': [ '3.0.0' ],
623 silly audit   'uint8array-extras': [ '1.5.0' ],
623 silly audit   'stubborn-fs': [ '2.0.0' ],
623 silly audit   'when-exit': [ '2.1.5' ],
623 silly audit   'mimic-function': [ '5.0.1' ],
623 silly audit   'body-parser': [ '2.2.2' ],
623 silly audit   'content-disposition': [ '1.0.1' ],
623 silly audit   cookie: [ '0.7.2' ],
623 silly audit   'cookie-signature': [ '1.2.2' ],
623 silly audit   'merge-descriptors': [ '2.0.0' ],
623 silly audit   'proxy-addr': [ '2.0.7' ],
623 silly audit   qs: [ '6.15.0' ],
623 silly audit   router: [ '2.2.0' ],
623 silly audit   'type-is': [ '2.0.1', '1.6.18' ],
623 silly audit   'ip-address': [ '10.1.0' ],
623 silly audit   jsonfile: [ '6.2.0' ],
623 silly audit   eventemitter3: [ '4.0.7' ],
623 silly audit   'linkify-it': [ '5.0.0' ],
623 silly audit   mdurl: [ '2.0.0' ],
623 silly audit   'punycode.js': [ '2.3.1' ],
623 silly audit   'uc.micro': [ '2.1.0' ],
623 silly audit   'append-field': [ '1.0.0' ],
623 silly audit   busboy: [ '1.6.0' ],
623 silly audit   'concat-stream': [ '2.0.0' ],
623 silly audit   streamsearch: [ '1.1.0' ],
623 silly audit   'readable-stream': [ '3.6.2' ],
623 silly audit   typedarray: [ '0.0.6' ],
623 silly audit   retry: [ '0.12.0' ],
623 silly audit   forwarded: [ '0.2.0' ],
623 silly audit   'ipaddr.js': [ '1.9.1' ],
623 silly audit   'side-channel': [ '1.1.0' ],
623 silly audit   string_decoder: [ '1.3.0' ],
623 silly audit   'is-promise': [ '4.0.0' ],
623 silly audit   'path-to-regexp': [ '8.4.1' ],
623 silly audit   'object-inspect': [ '1.13.4' ],
623 silly audit   'side-channel-list': [ '1.0.0' ],
623 silly audit   'side-channel-map': [ '1.0.1' ],
623 silly audit   'side-channel-weakmap': [ '1.0.2' ],
623 silly audit   'call-bound': [ '1.0.4' ],
623 silly audit   '@kwsites/file-exists': [ '1.1.1' ],
623 silly audit   '@kwsites/promise-deferred': [ '1.1.1' ],
623 silly audit   'smart-buffer': [ '4.2.0' ],
623 silly audit   'stubborn-utils': [ '1.0.2' ],
623 silly audit   'media-typer': [ '1.1.0', '0.3.0' ]
623 silly audit }
624 http cache media-typer@https://registry.npmjs.org/media-typer/-/media-typer-1.1.0.tgz 0ms (cache hit)
625 http cache @kwsites/promise-deferred@https://registry.npmjs.org/@kwsites/promise-deferred/-/promise-deferred-1.1.1.tgz 0ms (cache hit)
626 http cache @kwsites/file-exists@https://registry.npmjs.org/@kwsites/file-exists/-/file-exists-1.1.1.tgz 0ms (cache hit)
627 http cache stubborn-utils@https://registry.npmjs.org/stubborn-utils/-/stubborn-utils-1.0.2.tgz 0ms (cache hit)
628 http cache smart-buffer@https://registry.npmjs.org/smart-buffer/-/smart-buffer-4.2.0.tgz 0ms (cache hit)
629 http cache side-channel-map@https://registry.npmjs.org/side-channel-map/-/side-channel-map-1.0.1.tgz 0ms (cache hit)
630 http cache side-channel-list@https://registry.npmjs.org/side-channel-list/-/side-channel-list-1.0.0.tgz 0ms (cache hit)
631 http cache path-to-regexp@https://registry.npmjs.org/path-to-regexp/-/path-to-regexp-8.4.1.tgz 0ms (cache hit)
632 http cache call-bound@https://registry.npmjs.org/call-bound/-/call-bound-1.0.4.tgz 0ms (cache hit)
633 http cache object-inspect@https://registry.npmjs.org/object-inspect/-/object-inspect-1.13.4.tgz 0ms (cache hit)
634 http cache string_decoder@https://registry.npmjs.org/string_decoder/-/string_decoder-1.3.0.tgz 0ms (cache hit)
635 http cache side-channel-weakmap@https://registry.npmjs.org/side-channel-weakmap/-/side-channel-weakmap-1.0.2.tgz 0ms (cache hit)
636 http cache side-channel@https://registry.npmjs.org/side-channel/-/side-channel-1.1.0.tgz 0ms (cache hit)
637 http cache ipaddr.js@https://registry.npmjs.org/ipaddr.js/-/ipaddr.js-1.9.1.tgz 1ms (cache hit)
638 http cache forwarded@https://registry.npmjs.org/forwarded/-/forwarded-0.2.0.tgz 0ms (cache hit)
639 http cache retry@https://registry.npmjs.org/retry/-/retry-0.12.0.tgz 0ms (cache hit)
640 http cache readable-stream@https://registry.npmjs.org/readable-stream/-/readable-stream-3.6.2.tgz 0ms (cache hit)
641 http cache is-promise@https://registry.npmjs.org/is-promise/-/is-promise-4.0.0.tgz 0ms (cache hit)
642 http cache streamsearch@https://registry.npmjs.org/streamsearch/-/streamsearch-1.1.0.tgz 0ms (cache hit)
643 http cache concat-stream@https://registry.npmjs.org/concat-stream/-/concat-stream-2.0.0.tgz 0ms (cache hit)
644 http cache uc.micro@https://registry.npmjs.org/uc.micro/-/uc.micro-2.1.0.tgz 0ms (cache hit)
645 http cache busboy@https://registry.npmjs.org/busboy/-/busboy-1.6.0.tgz 0ms (cache hit)
646 http cache typedarray@https://registry.npmjs.org/typedarray/-/typedarray-0.0.6.tgz 0ms (cache hit)
647 http cache append-field@https://registry.npmjs.org/append-field/-/append-field-1.0.0.tgz 0ms (cache hit)
648 http cache punycode.js@https://registry.npmjs.org/punycode.js/-/punycode.js-2.3.1.tgz 0ms (cache hit)
649 http cache eventemitter3@https://registry.npmjs.org/eventemitter3/-/eventemitter3-4.0.7.tgz 0ms (cache hit)
650 http cache mdurl@https://registry.npmjs.org/mdurl/-/mdurl-2.0.0.tgz 0ms (cache hit)
651 http cache linkify-it@https://registry.npmjs.org/linkify-it/-/linkify-it-5.0.0.tgz 0ms (cache hit)
652 http cache ip-address@https://registry.npmjs.org/ip-address/-/ip-address-10.1.0.tgz 0ms (cache hit)
653 http cache router@https://registry.npmjs.org/router/-/router-2.2.0.tgz 0ms (cache hit)
654 http cache type-is@https://registry.npmjs.org/type-is/-/type-is-2.0.1.tgz 0ms (cache hit)
655 http cache jsonfile@https://registry.npmjs.org/jsonfile/-/jsonfile-6.2.0.tgz 0ms (cache hit)
656 http cache proxy-addr@https://registry.npmjs.org/proxy-addr/-/proxy-addr-2.0.7.tgz 0ms (cache hit)
657 http cache merge-descriptors@https://registry.npmjs.org/merge-descriptors/-/merge-descriptors-2.0.0.tgz 0ms (cache hit)
658 http cache cookie-signature@https://registry.npmjs.org/cookie-signature/-/cookie-signature-1.2.2.tgz 1ms (cache hit)
659 http cache content-disposition@https://registry.npmjs.org/content-disposition/-/content-disposition-1.0.1.tgz 0ms (cache hit)
660 http cache body-parser@https://registry.npmjs.org/body-parser/-/body-parser-2.2.2.tgz 0ms (cache hit)
661 http cache cookie@https://registry.npmjs.org/cookie/-/cookie-0.7.2.tgz 0ms (cache hit)
662 http cache when-exit@https://registry.npmjs.org/when-exit/-/when-exit-2.1.5.tgz 0ms (cache hit)
663 http cache qs@https://registry.npmjs.org/qs/-/qs-6.15.0.tgz 0ms (cache hit)
664 http cache uint8array-extras@https://registry.npmjs.org/uint8array-extras/-/uint8array-extras-1.5.0.tgz 0ms (cache hit)
665 http cache dot-prop@https://registry.npmjs.org/dot-prop/-/dot-prop-9.0.0.tgz 0ms (cache hit)
666 http cache env-paths@https://registry.npmjs.org/env-paths/-/env-paths-3.0.0.tgz 0ms (cache hit)
667 http cache debounce-fn@https://registry.npmjs.org/debounce-fn/-/debounce-fn-6.0.0.tgz 0ms (cache hit)
668 http cache atomically@https://registry.npmjs.org/atomically/-/atomically-2.1.1.tgz 0ms (cache hit)
669 http cache proxy-from-env@https://registry.npmjs.org/proxy-from-env/-/proxy-from-env-2.1.0.tgz 0ms (cache hit)
670 http cache follow-redirects@https://registry.npmjs.org/follow-redirects/-/follow-redirects-1.15.11.tgz 0ms (cache hit)
671 http cache require-from-string@https://registry.npmjs.org/require-from-string/-/require-from-string-2.0.2.tgz 0ms (cache hit)
672 http cache json-schema-traverse@https://registry.npmjs.org/json-schema-traverse/-/json-schema-traverse-1.0.0.tgz 0ms (cache hit)
673 http cache mimic-function@https://registry.npmjs.org/mimic-function/-/mimic-function-5.0.1.tgz 0ms (cache hit)
674 http cache fast-uri@https://registry.npmjs.org/fast-uri/-/fast-uri-3.1.0.tgz 0ms (cache hit)
675 http cache raw-body@https://registry.npmjs.org/raw-body/-/raw-body-3.0.2.tgz 0ms (cache hit)
676 http cache json-schema-typed@https://registry.npmjs.org/json-schema-typed/-/json-schema-typed-8.0.2.tgz 0ms (cache hit)
677 http cache pkce-challenge@https://registry.npmjs.org/pkce-challenge/-/pkce-challenge-5.0.1.tgz 0ms (cache hit)
678 http cache eventsource-parser@https://registry.npmjs.org/eventsource-parser/-/eventsource-parser-3.0.6.tgz 0ms (cache hit)
679 http cache jose@https://registry.npmjs.org/jose/-/jose-6.2.2.tgz 0ms (cache hit)
680 http cache express-rate-limit@https://registry.npmjs.org/express-rate-limit/-/express-rate-limit-8.3.2.tgz 0ms (cache hit)
681 http cache stubborn-fs@https://registry.npmjs.org/stubborn-fs/-/stubborn-fs-2.0.0.tgz 0ms (cache hit)
682 http cache cors@https://registry.npmjs.org/cors/-/cors-2.8.6.tgz 0ms (cache hit)
683 http cache content-type@https://registry.npmjs.org/content-type/-/content-type-1.0.5.tgz 0ms (cache hit)
684 http cache ajv@https://registry.npmjs.org/ajv/-/ajv-8.18.0.tgz 0ms (cache hit)
685 http cache ajv-formats@https://registry.npmjs.org/ajv-formats/-/ajv-formats-3.0.1.tgz 0ms (cache hit)
686 http cache @datadog/browser-rum-core@https://registry.npmjs.org/@datadog/browser-rum-core/-/browser-rum-core-6.32.0.tgz 0ms (cache hit)
687 http cache zod-to-json-schema@https://registry.npmjs.org/zod-to-json-schema/-/zod-to-json-schema-3.25.2.tgz 0ms (cache hit)
688 http cache @datadog/browser-core@https://registry.npmjs.org/@datadog/browser-core/-/browser-core-6.32.0.tgz 0ms (cache hit)
689 http cache hono@https://registry.npmjs.org/hono/-/hono-4.12.9.tgz 0ms (cache hit)
690 http cache simple-git@https://registry.npmjs.org/simple-git/-/simple-git-3.33.0.tgz 0ms (cache hit)
691 http cache socks@https://registry.npmjs.org/socks/-/socks-2.8.7.tgz 0ms (cache hit)
692 http cache multer@https://registry.npmjs.org/multer/-/multer-2.1.1.tgz 0ms (cache hit)
693 http cache eventsource@https://registry.npmjs.org/eventsource/-/eventsource-3.0.7.tgz 0ms (cache hit)
694 http cache @hono/node-server@https://registry.npmjs.org/@hono/node-server/-/node-server-1.19.12.tgz 0ms (cache hit)
695 http cache http-proxy@https://registry.npmjs.org/http-proxy/-/http-proxy-1.18.1.tgz 0ms (cache hit)
696 http cache jschardet@https://registry.npmjs.org/jschardet/-/jschardet-3.1.4.tgz 0ms (cache hit)
697 http cache cli-progress@https://registry.npmjs.org/cli-progress/-/cli-progress-3.12.0.tgz 0ms (cache hit)
698 http cache fs-extra@https://registry.npmjs.org/fs-extra/-/fs-extra-11.3.4.tgz 0ms (cache hit)
699 http cache express@https://registry.npmjs.org/express/-/express-5.2.1.tgz 0ms (cache hit)
700 http cache proper-lockfile@https://registry.npmjs.org/proper-lockfile/-/proper-lockfile-4.1.2.tgz 0ms (cache hit)
701 http cache conf@https://registry.npmjs.org/conf/-/conf-13.1.0.tgz 0ms (cache hit)
702 http cache @modelcontextprotocol/sdk@https://registry.npmjs.org/@modelcontextprotocol/sdk/-/sdk-1.29.0.tgz 0ms (cache hit)
703 http cache markdown-it@https://registry.npmjs.org/markdown-it/-/markdown-it-14.1.1.tgz 0ms (cache hit)
704 http cache @llmcode/yamux-ts@https://registry.npmjs.org/@llmcode/yamux-ts/-/yamux-ts-0.0.2.tgz 0ms (cache hit)
705 http cache @testsprite/testsprite-mcp@https://registry.npmjs.org/@testsprite/testsprite-mcp/-/testsprite-mcp-0.0.36.tgz 0ms (cache hit)
706 http cache axios@https://registry.npmjs.org/axios/-/axios-1.14.0.tgz 0ms (cache hit)
707 http cache @datadog/browser-rum-react@https://registry.npmjs.org/@datadog/browser-rum-react/-/browser-rum-react-6.32.0.tgz 0ms (cache hit)
708 http cache @datadog/browser-rum@https://registry.npmjs.org/@datadog/browser-rum/-/browser-rum-6.32.0.tgz 0ms (cache hit)
709 http cache universalify@https://registry.npmjs.org/universalify/-/universalify-2.0.1.tgz 0ms (cache hit)
710 http cache type-fest@https://registry.npmjs.org/type-fest/-/type-fest-4.41.0.tgz 0ms (cache hit)
711 http cache mime-types@https://registry.npmjs.org/mime-types/-/mime-types-2.1.35.tgz 0ms (cache hit)
712 http cache iconv-lite@https://registry.npmjs.org/iconv-lite/-/iconv-lite-0.7.2.tgz 0ms (cache hit)
713 http cache on-finished@https://registry.npmjs.org/on-finished/-/on-finished-2.4.1.tgz 0ms (cache hit)
714 http cache universalify@https://registry.npmjs.org/universalify/-/universalify-2.0.1.tgz 0ms (cache hit)
715 http cache mime-db@https://registry.npmjs.org/mime-db/-/mime-db-1.52.0.tgz 0ms (cache hit)
716 http cache argparse@https://registry.npmjs.org/argparse/-/argparse-2.0.1.tgz 0ms (cache hit)
717 http cache iconv-lite@https://registry.npmjs.org/iconv-lite/-/iconv-lite-0.7.2.tgz 0ms (cache hit)
718 http cache media-typer@https://registry.npmjs.org/media-typer/-/media-typer-0.3.0.tgz 0ms (cache hit)
719 http cache type-is@https://registry.npmjs.org/type-is/-/type-is-1.6.18.tgz 0ms (cache hit)
720 http cache statuses@https://registry.npmjs.org/statuses/-/statuses-2.0.2.tgz 0ms (cache hit)
721 http cache send@https://registry.npmjs.org/send/-/send-1.2.1.tgz 0ms (cache hit)
722 http cache on-finished@https://registry.npmjs.org/on-finished/-/on-finished-2.4.1.tgz 0ms (cache hit)
723 http cache fresh@https://registry.npmjs.org/fresh/-/fresh-2.0.0.tgz 0ms (cache hit)
724 http cache ws@https://registry.npmjs.org/ws/-/ws-8.20.0.tgz 0ms (cache hit)
725 http cache finalhandler@https://registry.npmjs.org/finalhandler/-/finalhandler-2.1.1.tgz 0ms (cache hit)
726 http cache encodeurl@https://registry.npmjs.org/encodeurl/-/encodeurl-2.0.0.tgz 0ms (cache hit)
727 http cache serve-static@https://registry.npmjs.org/serve-static/-/serve-static-2.2.1.tgz 0ms (cache hit)
728 silly tarball no local data for media-typer@https://registry.npmjs.org/media-typer/-/media-typer-1.1.0.tgz. Extracting by manifest.
729 silly tarball no local data for @kwsites/promise-deferred@https://registry.npmjs.org/@kwsites/promise-deferred/-/promise-deferred-1.1.1.tgz. Extracting by manifest.
730 silly tarball no local data for @kwsites/file-exists@https://registry.npmjs.org/@kwsites/file-exists/-/file-exists-1.1.1.tgz. Extracting by manifest.
731 silly tarball no local data for stubborn-utils@https://registry.npmjs.org/stubborn-utils/-/stubborn-utils-1.0.2.tgz. Extracting by manifest.
732 silly tarball no local data for smart-buffer@https://registry.npmjs.org/smart-buffer/-/smart-buffer-4.2.0.tgz. Extracting by manifest.
733 silly tarball no local data for side-channel-map@https://registry.npmjs.org/side-channel-map/-/side-channel-map-1.0.1.tgz. Extracting by manifest.
734 silly tarball no local data for side-channel-list@https://registry.npmjs.org/side-channel-list/-/side-channel-list-1.0.0.tgz. Extracting by manifest.
735 silly tarball no local data for path-to-regexp@https://registry.npmjs.org/path-to-regexp/-/path-to-regexp-8.4.1.tgz. Extracting by manifest.
736 http cache iconv-lite@https://registry.npmjs.org/iconv-lite/-/iconv-lite-0.7.2.tgz 0ms (cache hit)
737 http cache commander@https://registry.npmjs.org/commander/-/commander-14.0.3.tgz 0ms (cache hit)
738 silly tarball no local data for call-bound@https://registry.npmjs.org/call-bound/-/call-bound-1.0.4.tgz. Extracting by manifest.
739 silly tarball no local data for object-inspect@https://registry.npmjs.org/object-inspect/-/object-inspect-1.13.4.tgz. Extracting by manifest.
740 silly tarball no local data for string_decoder@https://registry.npmjs.org/string_decoder/-/string_decoder-1.3.0.tgz. Extracting by manifest.
741 silly tarball no local data for side-channel-weakmap@https://registry.npmjs.org/side-channel-weakmap/-/side-channel-weakmap-1.0.2.tgz. Extracting by manifest.
742 silly tarball no local data for side-channel@https://registry.npmjs.org/side-channel/-/side-channel-1.1.0.tgz. Extracting by manifest.
743 silly tarball no local data for ipaddr.js@https://registry.npmjs.org/ipaddr.js/-/ipaddr.js-1.9.1.tgz. Extracting by manifest.
744 silly tarball no local data for forwarded@https://registry.npmjs.org/forwarded/-/forwarded-0.2.0.tgz. Extracting by manifest.
745 silly tarball no local data for retry@https://registry.npmjs.org/retry/-/retry-0.12.0.tgz. Extracting by manifest.
746 silly tarball no local data for readable-stream@https://registry.npmjs.org/readable-stream/-/readable-stream-3.6.2.tgz. Extracting by manifest.
747 silly tarball no local data for is-promise@https://registry.npmjs.org/is-promise/-/is-promise-4.0.0.tgz. Extracting by manifest.
748 silly tarball no local data for streamsearch@https://registry.npmjs.org/streamsearch/-/streamsearch-1.1.0.tgz. Extracting by manifest.
749 silly tarball no local data for concat-stream@https://registry.npmjs.org/concat-stream/-/concat-stream-2.0.0.tgz. Extracting by manifest.
750 silly tarball no local data for uc.micro@https://registry.npmjs.org/uc.micro/-/uc.micro-2.1.0.tgz. Extracting by manifest.
751 silly tarball no local data for busboy@https://registry.npmjs.org/busboy/-/busboy-1.6.0.tgz. Extracting by manifest.
752 silly tarball no local data for typedarray@https://registry.npmjs.org/typedarray/-/typedarray-0.0.6.tgz. Extracting by manifest.
753 silly tarball no local data for append-field@https://registry.npmjs.org/append-field/-/append-field-1.0.0.tgz. Extracting by manifest.
754 silly tarball no local data for punycode.js@https://registry.npmjs.org/punycode.js/-/punycode.js-2.3.1.tgz. Extracting by manifest.
755 silly tarball no local data for eventemitter3@https://registry.npmjs.org/eventemitter3/-/eventemitter3-4.0.7.tgz. Extracting by manifest.
756 silly tarball no local data for mdurl@https://registry.npmjs.org/mdurl/-/mdurl-2.0.0.tgz. Extracting by manifest.
757 silly tarball no local data for linkify-it@https://registry.npmjs.org/linkify-it/-/linkify-it-5.0.0.tgz. Extracting by manifest.
758 silly tarball no local data for ip-address@https://registry.npmjs.org/ip-address/-/ip-address-10.1.0.tgz. Extracting by manifest.
759 silly tarball no local data for router@https://registry.npmjs.org/router/-/router-2.2.0.tgz. Extracting by manifest.
760 silly tarball no local data for type-is@https://registry.npmjs.org/type-is/-/type-is-2.0.1.tgz. Extracting by manifest.
761 silly tarball no local data for jsonfile@https://registry.npmjs.org/jsonfile/-/jsonfile-6.2.0.tgz. Extracting by manifest.
762 silly tarball no local data for proxy-addr@https://registry.npmjs.org/proxy-addr/-/proxy-addr-2.0.7.tgz. Extracting by manifest.
763 silly tarball no local data for merge-descriptors@https://registry.npmjs.org/merge-descriptors/-/merge-descriptors-2.0.0.tgz. Extracting by manifest.
764 silly tarball no local data for cookie-signature@https://registry.npmjs.org/cookie-signature/-/cookie-signature-1.2.2.tgz. Extracting by manifest.
765 silly tarball no local data for content-disposition@https://registry.npmjs.org/content-disposition/-/content-disposition-1.0.1.tgz. Extracting by manifest.
766 silly tarball no local data for body-parser@https://registry.npmjs.org/body-parser/-/body-parser-2.2.2.tgz. Extracting by manifest.
767 silly tarball no local data for cookie@https://registry.npmjs.org/cookie/-/cookie-0.7.2.tgz. Extracting by manifest.
768 silly tarball no local data for when-exit@https://registry.npmjs.org/when-exit/-/when-exit-2.1.5.tgz. Extracting by manifest.
769 silly tarball no local data for qs@https://registry.npmjs.org/qs/-/qs-6.15.0.tgz. Extracting by manifest.
770 silly tarball no local data for uint8array-extras@https://registry.npmjs.org/uint8array-extras/-/uint8array-extras-1.5.0.tgz. Extracting by manifest.
771 silly tarball no local data for dot-prop@https://registry.npmjs.org/dot-prop/-/dot-prop-9.0.0.tgz. Extracting by manifest.
772 silly tarball no local data for env-paths@https://registry.npmjs.org/env-paths/-/env-paths-3.0.0.tgz. Extracting by manifest.
773 silly tarball no local data for debounce-fn@https://registry.npmjs.org/debounce-fn/-/debounce-fn-6.0.0.tgz. Extracting by manifest.
774 silly tarball no local data for atomically@https://registry.npmjs.org/atomically/-/atomically-2.1.1.tgz. Extracting by manifest.
775 silly tarball no local data for proxy-from-env@https://registry.npmjs.org/proxy-from-env/-/proxy-from-env-2.1.0.tgz. Extracting by manifest.
776 silly tarball no local data for follow-redirects@https://registry.npmjs.org/follow-redirects/-/follow-redirects-1.15.11.tgz. Extracting by manifest.
777 silly tarball no local data for require-from-string@https://registry.npmjs.org/require-from-string/-/require-from-string-2.0.2.tgz. Extracting by manifest.
778 silly tarball no local data for json-schema-traverse@https://registry.npmjs.org/json-schema-traverse/-/json-schema-traverse-1.0.0.tgz. Extracting by manifest.
779 silly tarball no local data for mimic-function@https://registry.npmjs.org/mimic-function/-/mimic-function-5.0.1.tgz. Extracting by manifest.
780 silly tarball no local data for fast-uri@https://registry.npmjs.org/fast-uri/-/fast-uri-3.1.0.tgz. Extracting by manifest.
781 silly tarball no local data for raw-body@https://registry.npmjs.org/raw-body/-/raw-body-3.0.2.tgz. Extracting by manifest.
782 silly tarball no local data for json-schema-typed@https://registry.npmjs.org/json-schema-typed/-/json-schema-typed-8.0.2.tgz. Extracting by manifest.
783 silly tarball no local data for pkce-challenge@https://registry.npmjs.org/pkce-challenge/-/pkce-challenge-5.0.1.tgz. Extracting by manifest.
784 silly tarball no local data for eventsource-parser@https://registry.npmjs.org/eventsource-parser/-/eventsource-parser-3.0.6.tgz. Extracting by manifest.
785 silly tarball no local data for jose@https://registry.npmjs.org/jose/-/jose-6.2.2.tgz. Extracting by manifest.
786 silly tarball no local data for express-rate-limit@https://registry.npmjs.org/express-rate-limit/-/express-rate-limit-8.3.2.tgz. Extracting by manifest.
787 silly tarball no local data for stubborn-fs@https://registry.npmjs.org/stubborn-fs/-/stubborn-fs-2.0.0.tgz. Extracting by manifest.
788 silly tarball no local data for cors@https://registry.npmjs.org/cors/-/cors-2.8.6.tgz. Extracting by manifest.
789 silly tarball no local data for content-type@https://registry.npmjs.org/content-type/-/content-type-1.0.5.tgz. Extracting by manifest.
790 silly tarball no local data for ajv@https://registry.npmjs.org/ajv/-/ajv-8.18.0.tgz. Extracting by manifest.
791 silly tarball no local data for ajv-formats@https://registry.npmjs.org/ajv-formats/-/ajv-formats-3.0.1.tgz. Extracting by manifest.
792 silly tarball no local data for @datadog/browser-rum-core@https://registry.npmjs.org/@datadog/browser-rum-core/-/browser-rum-core-6.32.0.tgz. Extracting by manifest.
793 silly tarball no local data for zod-to-json-schema@https://registry.npmjs.org/zod-to-json-schema/-/zod-to-json-schema-3.25.2.tgz. Extracting by manifest.
794 silly tarball no local data for @datadog/browser-core@https://registry.npmjs.org/@datadog/browser-core/-/browser-core-6.32.0.tgz. Extracting by manifest.
795 silly tarball no local data for hono@https://registry.npmjs.org/hono/-/hono-4.12.9.tgz. Extracting by manifest.
796 silly tarball no local data for simple-git@https://registry.npmjs.org/simple-git/-/simple-git-3.33.0.tgz. Extracting by manifest.
797 silly tarball no local data for socks@https://registry.npmjs.org/socks/-/socks-2.8.7.tgz. Extracting by manifest.
798 silly tarball no local data for multer@https://registry.npmjs.org/multer/-/multer-2.1.1.tgz. Extracting by manifest.
799 silly tarball no local data for eventsource@https://registry.npmjs.org/eventsource/-/eventsource-3.0.7.tgz. Extracting by manifest.
800 silly tarball no local data for @hono/node-server@https://registry.npmjs.org/@hono/node-server/-/node-server-1.19.12.tgz. Extracting by manifest.
801 silly tarball no local data for http-proxy@https://registry.npmjs.org/http-proxy/-/http-proxy-1.18.1.tgz. Extracting by manifest.
802 silly tarball no local data for jschardet@https://registry.npmjs.org/jschardet/-/jschardet-3.1.4.tgz. Extracting by manifest.
803 silly tarball no local data for cli-progress@https://registry.npmjs.org/cli-progress/-/cli-progress-3.12.0.tgz. Extracting by manifest.
804 silly tarball no local data for fs-extra@https://registry.npmjs.org/fs-extra/-/fs-extra-11.3.4.tgz. Extracting by manifest.
805 silly tarball no local data for express@https://registry.npmjs.org/express/-/express-5.2.1.tgz. Extracting by manifest.
806 silly tarball no local data for proper-lockfile@https://registry.npmjs.org/proper-lockfile/-/proper-lockfile-4.1.2.tgz. Extracting by manifest.
807 silly tarball no local data for conf@https://registry.npmjs.org/conf/-/conf-13.1.0.tgz. Extracting by manifest.
808 silly tarball no local data for @modelcontextprotocol/sdk@https://registry.npmjs.org/@modelcontextprotocol/sdk/-/sdk-1.29.0.tgz. Extracting by manifest.
809 silly tarball no local data for markdown-it@https://registry.npmjs.org/markdown-it/-/markdown-it-14.1.1.tgz. Extracting by manifest.
810 silly tarball no local data for @llmcode/yamux-ts@https://registry.npmjs.org/@llmcode/yamux-ts/-/yamux-ts-0.0.2.tgz. Extracting by manifest.
811 silly tarball no local data for @testsprite/testsprite-mcp@https://registry.npmjs.org/@testsprite/testsprite-mcp/-/testsprite-mcp-0.0.36.tgz. Extracting by manifest.
812 silly tarball no local data for axios@https://registry.npmjs.org/axios/-/axios-1.14.0.tgz. Extracting by manifest.
813 silly tarball no local data for @datadog/browser-rum-react@https://registry.npmjs.org/@datadog/browser-rum-react/-/browser-rum-react-6.32.0.tgz. Extracting by manifest.
814 silly tarball no local data for @datadog/browser-rum@https://registry.npmjs.org/@datadog/browser-rum/-/browser-rum-6.32.0.tgz. Extracting by manifest.
815 silly tarball no local data for universalify@https://registry.npmjs.org/universalify/-/universalify-2.0.1.tgz. Extracting by manifest.
816 silly tarball no local data for type-fest@https://registry.npmjs.org/type-fest/-/type-fest-4.41.0.tgz. Extracting by manifest.
817 silly tarball no local data for mime-types@https://registry.npmjs.org/mime-types/-/mime-types-2.1.35.tgz. Extracting by manifest.
818 silly tarball no local data for iconv-lite@https://registry.npmjs.org/iconv-lite/-/iconv-lite-0.7.2.tgz. Extracting by manifest.
819 silly tarball no local data for on-finished@https://registry.npmjs.org/on-finished/-/on-finished-2.4.1.tgz. Extracting by manifest.
820 silly tarball no local data for universalify@https://registry.npmjs.org/universalify/-/universalify-2.0.1.tgz. Extracting by manifest.
821 silly tarball no local data for mime-db@https://registry.npmjs.org/mime-db/-/mime-db-1.52.0.tgz. Extracting by manifest.
822 silly tarball no local data for argparse@https://registry.npmjs.org/argparse/-/argparse-2.0.1.tgz. Extracting by manifest.
823 silly tarball no local data for iconv-lite@https://registry.npmjs.org/iconv-lite/-/iconv-lite-0.7.2.tgz. Extracting by manifest.
824 silly tarball no local data for media-typer@https://registry.npmjs.org/media-typer/-/media-typer-0.3.0.tgz. Extracting by manifest.
825 silly tarball no local data for type-is@https://registry.npmjs.org/type-is/-/type-is-1.6.18.tgz. Extracting by manifest.
826 silly tarball no local data for statuses@https://registry.npmjs.org/statuses/-/statuses-2.0.2.tgz. Extracting by manifest.
827 silly tarball no local data for send@https://registry.npmjs.org/send/-/send-1.2.1.tgz. Extracting by manifest.
828 silly tarball no local data for on-finished@https://registry.npmjs.org/on-finished/-/on-finished-2.4.1.tgz. Extracting by manifest.
829 silly tarball no local data for fresh@https://registry.npmjs.org/fresh/-/fresh-2.0.0.tgz. Extracting by manifest.
830 silly tarball no local data for ws@https://registry.npmjs.org/ws/-/ws-8.20.0.tgz. Extracting by manifest.
831 silly tarball no local data for finalhandler@https://registry.npmjs.org/finalhandler/-/finalhandler-2.1.1.tgz. Extracting by manifest.
832 silly tarball no local data for encodeurl@https://registry.npmjs.org/encodeurl/-/encodeurl-2.0.0.tgz. Extracting by manifest.
833 silly tarball no local data for serve-static@https://registry.npmjs.org/serve-static/-/serve-static-2.2.1.tgz. Extracting by manifest.
834 silly tarball no local data for iconv-lite@https://registry.npmjs.org/iconv-lite/-/iconv-lite-0.7.2.tgz. Extracting by manifest.
835 silly tarball no local data for commander@https://registry.npmjs.org/commander/-/commander-14.0.3.tgz. Extracting by manifest.
836 http fetch GET 200 https://registry.npmjs.org/media-typer/-/media-typer-1.1.0.tgz 165ms (cache miss)
837 http fetch GET 200 https://registry.npmjs.org/stubborn-utils/-/stubborn-utils-1.0.2.tgz 199ms (cache miss)
838 http fetch GET 200 https://registry.npmjs.org/side-channel-map/-/side-channel-map-1.0.1.tgz 212ms (cache miss)
839 http fetch GET 200 https://registry.npmjs.org/@kwsites/promise-deferred/-/promise-deferred-1.1.1.tgz 221ms (cache miss)
840 http fetch POST 200 https://registry.npmjs.org/-/npm/v1/security/advisories/bulk 290ms
841 silly audit report {
841 silly audit report   'brace-expansion': [
841 silly audit report     {
841 silly audit report       id: 1115540,
841 silly audit report       url: 'https://github.com/advisories/GHSA-f886-m6hf-6m8v',
841 silly audit report       title: 'brace-expansion: Zero-step sequence causes process hang and memory exhaustion',
841 silly audit report       severity: 'moderate',
841 silly audit report       vulnerable_versions: '<1.1.13',
841 silly audit report       cwe: [Array],
841 silly audit report       cvss: [Object]
841 silly audit report     },
841 silly audit report     {
841 silly audit report       id: 1115543,
841 silly audit report       url: 'https://github.com/advisories/GHSA-f886-m6hf-6m8v',
841 silly audit report       title: 'brace-expansion: Zero-step sequence causes process hang and memory exhaustion',
841 silly audit report       severity: 'moderate',
841 silly audit report       vulnerable_versions: '>=4.0.0 <5.0.5',
841 silly audit report       cwe: [Array],
841 silly audit report       cvss: [Object]
841 silly audit report     }
841 silly audit report   ],
841 silly audit report   picomatch: [
841 silly audit report     {
841 silly audit report       id: 1115549,
841 silly audit report       url: 'https://github.com/advisories/GHSA-3v7f-55p6-f55p',
841 silly audit report       title: 'Picomatch: Method Injection in POSIX Character Classes causes incorrect Glob Matching',
841 silly audit report       severity: 'moderate',
841 silly audit report       vulnerable_versions: '<2.3.2',
841 silly audit report       cwe: [Array],
841 silly audit report       cvss: [Object]
841 silly audit report     },
841 silly audit report     {
841 silly audit report       id: 1115551,
841 silly audit report       url: 'https://github.com/advisories/GHSA-3v7f-55p6-f55p',
841 silly audit report       title: 'Picomatch: Method Injection in POSIX Character Classes causes incorrect Glob Matching',
841 silly audit report       severity: 'moderate',
841 silly audit report       vulnerable_versions: '>=4.0.0 <4.0.4',
841 silly audit report       cwe: [Array],
841 silly audit report       cvss: [Object]
841 silly audit report     },
841 silly audit report     {
841 silly audit report       id: 1115552,
841 silly audit report       url: 'https://github.com/advisories/GHSA-c2c7-rcm5-vvqj',
841 silly audit report       title: 'Picomatch has a ReDoS vulnerability via extglob quantifiers',
841 silly audit report       severity: 'high',
841 silly audit report       vulnerable_versions: '<2.3.2',
841 silly audit report       cwe: [Array],
841 silly audit report       cvss: [Object]
841 silly audit report     },
841 silly audit report     {
841 silly audit report       id: 1115554,
841 silly audit report       url: 'https://github.com/advisories/GHSA-c2c7-rcm5-vvqj',
841 silly audit report       title: 'Picomatch has a ReDoS vulnerability via extglob quantifiers',
841 silly audit report       severity: 'high',
841 silly audit report       vulnerable_versions: '>=4.0.0 <4.0.4',
841 silly audit report       cwe: [Array],
841 silly audit report       cvss: [Object]
841 silly audit report     }
841 silly audit report   ],
841 silly audit report   '@tootallnate/once': [
841 silly audit report     {
841 silly audit report       id: 1113977,
841 silly audit report       url: 'https://github.com/advisories/GHSA-vpq2-c234-7xj6',
841 silly audit report       title: '@tootallnate/once vulnerable to Incorrect Control Flow Scoping',
841 silly audit report       severity: 'low',
841 silly audit report       vulnerable_versions: '<3.0.1',
841 silly audit report       cwe: [Array],
841 silly audit report       cvss: [Object]
841 silly audit report     }
841 silly audit report   ],
841 silly audit report   '@xmldom/xmldom': [
841 silly audit report     {
841 silly audit report       id: 1115765,
841 silly audit report       url: 'https://github.com/advisories/GHSA-wh4c-j3r5-mjhp',
841 silly audit report       title: 'xmldom: XML injection via unsafe CDATA serialization allows attacker-controlled markup insertion',
841 silly audit report       severity: 'high',
841 silly audit report       vulnerable_versions: '<0.8.12',
841 silly audit report       cwe: [Array],
841 silly audit report       cvss: [Object]
841 silly audit report     }
841 silly audit report   ],
841 silly audit report   'node-forge': [
841 silly audit report     {
841 silly audit report       id: 1115545,
841 silly audit report       url: 'https://github.com/advisories/GHSA-2328-f5f3-gj25',
841 silly audit report       title: 'Forge has a basicConstraints bypass in its certificate chain verification (RFC 5280 violation)',
841 silly audit report       severity: 'high',
841 silly audit report       vulnerable_versions: '<=1.3.3',
841 silly audit report       cwe: [Array],
841 silly audit report       cvss: [Object]
841 silly audit report     },
841 silly audit report     {
841 silly audit report       id: 1115546,
841 silly audit report       url: 'https://github.com/advisories/GHSA-q67f-28xg-22rw',
841 silly audit report       title: 'Forge has signature forgery in Ed25519 due to missing S > L check',
841 silly audit report       severity: 'high',
841 silly audit report       vulnerable_versions: '<1.4.0',
841 silly audit report       cwe: [Array],
841 silly audit report       cvss: [Object]
841 silly audit report     },
841 silly audit report     {
841 silly audit report       id: 1115548,
841 silly audit report       url: 'https://github.com/advisories/GHSA-5m6q-g25r-mvwx',
841 silly audit report       title: 'Forge has Denial of Service via Infinite Loop in BigInteger.modInverse() with Zero Input',
841 silly audit report       severity: 'high',
841 silly audit report       vulnerable_versions: '<1.4.0',
841 silly audit report       cwe: [Array],
841 silly audit report       cvss: [Object]
841 silly audit report     },
841 silly audit report     {
841 silly audit report       id: 1115612,
841 silly audit report       url: 'https://github.com/advisories/GHSA-ppp5-5v6c-4jwp',
841 silly audit report       title: 'Forge has signature forgery in RSA-PKCS due to ASN.1 extra field  ',
841 silly audit report       severity: 'high',
841 silly audit report       vulnerable_versions: '<1.4.0',
841 silly audit report       cwe: [Array],
841 silly audit report       cvss: [Object]
841 silly audit report     }
841 silly audit report   ],
841 silly audit report   yaml: [
841 silly audit report     {
841 silly audit report       id: 1115556,
841 silly audit report       url: 'https://github.com/advisories/GHSA-48c2-rrv3-qjmp',
841 silly audit report       title: 'yaml is vulnerable to Stack Overflow via deeply nested YAML collections',
841 silly audit report       severity: 'moderate',
841 silly audit report       vulnerable_versions: '>=2.0.0 <2.8.3',
841 silly audit report       cwe: [Array],
841 silly audit report       cvss: [Object]
841 silly audit report     }
841 silly audit report   ]
841 silly audit report }
842 silly packumentCache corgi:https://registry.npmjs.org/brace-expansion cache-miss
843 silly packumentCache corgi:https://registry.npmjs.org/picomatch cache-miss
844 silly packumentCache corgi:https://registry.npmjs.org/@tootallnate%2fonce cache-miss
845 silly packumentCache corgi:https://registry.npmjs.org/@xmldom%2fxmldom cache-miss
846 silly packumentCache corgi:https://registry.npmjs.org/node-forge cache-miss
847 silly packumentCache corgi:https://registry.npmjs.org/yaml cache-miss
848 http fetch GET 200 https://registry.npmjs.org/forwarded/-/forwarded-0.2.0.tgz 270ms (cache miss)
849 http fetch GET 200 https://registry.npmjs.org/is-promise/-/is-promise-4.0.0.tgz 270ms (cache miss)
850 http fetch GET 200 https://registry.npmjs.org/streamsearch/-/streamsearch-1.1.0.tgz 284ms (cache miss)
851 http fetch GET 200 https://registry.npmjs.org/concat-stream/-/concat-stream-2.0.0.tgz 294ms (cache miss)
852 http fetch GET 200 https://registry.npmjs.org/uc.micro/-/uc.micro-2.1.0.tgz 309ms (cache miss)
853 http fetch GET 200 https://registry.npmjs.org/typedarray/-/typedarray-0.0.6.tgz 393ms (cache miss)
854 http fetch GET 200 https://registry.npmjs.org/string_decoder/-/string_decoder-1.3.0.tgz 407ms (cache miss)
855 http fetch GET 200 https://registry.npmjs.org/punycode.js/-/punycode.js-2.3.1.tgz 403ms (cache miss)
856 http fetch GET 200 https://registry.npmjs.org/@kwsites/file-exists/-/file-exists-1.1.1.tgz 414ms (cache miss)
857 http fetch GET 200 https://registry.npmjs.org/append-field/-/append-field-1.0.0.tgz 418ms (cache miss)
858 http fetch GET 200 https://registry.npmjs.org/jsonfile/-/jsonfile-6.2.0.tgz 424ms (cache miss)
859 http fetch GET 200 https://registry.npmjs.org/merge-descriptors/-/merge-descriptors-2.0.0.tgz 429ms (cache miss)
860 http fetch GET 200 https://registry.npmjs.org/ipaddr.js/-/ipaddr.js-1.9.1.tgz 459ms (cache miss)
861 http fetch GET 200 https://registry.npmjs.org/content-disposition/-/content-disposition-1.0.1.tgz 475ms (cache miss)
862 http fetch GET 200 https://registry.npmjs.org/cookie-signature/-/cookie-signature-1.2.2.tgz 476ms (cache miss)
863 http fetch GET 200 https://registry.npmjs.org/body-parser/-/body-parser-2.2.2.tgz 476ms (cache miss)
864 http fetch GET 200 https://registry.npmjs.org/proxy-from-env/-/proxy-from-env-2.1.0.tgz 483ms (cache miss)
865 http fetch GET 200 https://registry.npmjs.org/mimic-function/-/mimic-function-5.0.1.tgz 484ms (cache miss)
866 http fetch GET 200 https://registry.npmjs.org/require-from-string/-/require-from-string-2.0.2.tgz 491ms (cache miss)
867 http fetch GET 200 https://registry.npmjs.org/type-is/-/type-is-2.0.1.tgz 499ms (cache miss)
868 http fetch GET 200 https://registry.npmjs.org/env-paths/-/env-paths-3.0.0.tgz 497ms (cache miss)
869 http fetch GET 200 https://registry.npmjs.org/debounce-fn/-/debounce-fn-6.0.0.tgz 501ms (cache miss)
870 http fetch GET 200 https://registry.npmjs.org/proxy-addr/-/proxy-addr-2.0.7.tgz 506ms (cache miss)
871 http fetch GET 200 https://registry.npmjs.org/stubborn-fs/-/stubborn-fs-2.0.0.tgz 503ms (cache miss)
872 http fetch GET 200 https://registry.npmjs.org/eventsource-parser/-/eventsource-parser-3.0.6.tgz 506ms (cache miss)
873 http fetch GET 200 https://registry.npmjs.org/dot-prop/-/dot-prop-9.0.0.tgz 513ms (cache miss)
874 http fetch GET 200 https://registry.npmjs.org/cors/-/cors-2.8.6.tgz 529ms (cache miss)
875 http fetch GET 200 https://registry.npmjs.org/content-type/-/content-type-1.0.5.tgz 563ms (cache miss)
876 http fetch GET 200 https://registry.npmjs.org/side-channel-weakmap/-/side-channel-weakmap-1.0.2.tgz 582ms (cache miss)
877 http fetch GET 200 https://registry.npmjs.org/path-to-regexp/-/path-to-regexp-8.4.1.tgz 589ms (cache miss)
878 http fetch GET 200 https://registry.npmjs.org/mdurl/-/mdurl-2.0.0.tgz 594ms (cache miss)
879 http fetch GET 200 https://registry.npmjs.org/uint8array-extras/-/uint8array-extras-1.5.0.tgz 588ms (cache miss)
880 http fetch GET 200 https://registry.npmjs.org/raw-body/-/raw-body-3.0.2.tgz 586ms (cache miss)
881 http fetch GET 200 https://registry.npmjs.org/side-channel/-/side-channel-1.1.0.tgz 603ms (cache miss)
882 http fetch GET 200 https://registry.npmjs.org/call-bound/-/call-bound-1.0.4.tgz 606ms (cache miss)
883 http fetch GET 200 https://registry.npmjs.org/eventemitter3/-/eventemitter3-4.0.7.tgz 605ms (cache miss)
884 http fetch GET 200 https://registry.npmjs.org/cookie/-/cookie-0.7.2.tgz 600ms (cache miss)
885 http fetch GET 200 https://registry.npmjs.org/linkify-it/-/linkify-it-5.0.0.tgz 605ms (cache miss)
886 http fetch GET 200 https://registry.npmjs.org/side-channel-list/-/side-channel-list-1.0.0.tgz 613ms (cache miss)
887 http fetch GET 200 https://registry.npmjs.org/router/-/router-2.2.0.tgz 630ms (cache miss)
888 http fetch GET 200 https://registry.npmjs.org/multer/-/multer-2.1.1.tgz 633ms (cache miss)
889 http fetch GET 200 https://registry.npmjs.org/follow-redirects/-/follow-redirects-1.15.11.tgz 655ms (cache miss)
890 http fetch GET 200 https://registry.npmjs.org/json-schema-typed/-/json-schema-typed-8.0.2.tgz 669ms (cache miss)
891 http fetch GET 200 https://registry.npmjs.org/smart-buffer/-/smart-buffer-4.2.0.tgz 695ms (cache miss)
892 http fetch GET 200 https://registry.npmjs.org/pkce-challenge/-/pkce-challenge-5.0.1.tgz 679ms (cache miss)
893 http fetch GET 200 https://registry.npmjs.org/retry/-/retry-0.12.0.tgz 710ms (cache miss)
894 http fetch GET 200 https://registry.npmjs.org/json-schema-traverse/-/json-schema-traverse-1.0.0.tgz 707ms (cache miss)
895 http fetch GET 200 https://registry.npmjs.org/express-rate-limit/-/express-rate-limit-8.3.2.tgz 727ms (cache miss)
896 http fetch GET 200 https://registry.npmjs.org/conf/-/conf-13.1.0.tgz 724ms (cache miss)
897 http fetch GET 200 https://registry.npmjs.org/proper-lockfile/-/proper-lockfile-4.1.2.tgz 763ms (cache miss)
898 http fetch GET 200 https://registry.npmjs.org/atomically/-/atomically-2.1.1.tgz 776ms (cache miss)
899 http fetch GET 200 https://registry.npmjs.org/eventsource/-/eventsource-3.0.7.tgz 770ms (cache miss)
900 http fetch GET 200 https://registry.npmjs.org/ajv-formats/-/ajv-formats-3.0.1.tgz 777ms (cache miss)
901 http fetch GET 200 https://registry.npmjs.org/express/-/express-5.2.1.tgz 787ms (cache miss)
902 http fetch GET 200 https://registry.npmjs.org/busboy/-/busboy-1.6.0.tgz 811ms (cache miss)
903 http fetch GET 200 https://registry.npmjs.org/when-exit/-/when-exit-2.1.5.tgz 808ms (cache miss)
904 http fetch GET 200 https://registry.npmjs.org/qs/-/qs-6.15.0.tgz 815ms (cache miss)
905 http fetch GET 200 https://registry.npmjs.org/readable-stream/-/readable-stream-3.6.2.tgz 852ms (cache miss)
906 http fetch GET 200 https://registry.npmjs.org/cli-progress/-/cli-progress-3.12.0.tgz 847ms (cache miss)
907 http fetch GET 200 https://registry.npmjs.org/object-inspect/-/object-inspect-1.13.4.tgz 922ms (cache miss)
908 http fetch GET 200 https://registry.npmjs.org/fast-uri/-/fast-uri-3.1.0.tgz 913ms (cache miss)
909 http fetch GET 200 https://registry.npmjs.org/universalify/-/universalify-2.0.1.tgz 901ms (cache miss)
910 http fetch GET 200 https://registry.npmjs.org/http-proxy/-/http-proxy-1.18.1.tgz 941ms (cache miss)
911 http fetch GET 200 https://registry.npmjs.org/socks/-/socks-2.8.7.tgz 967ms (cache miss)
912 http fetch GET 200 https://registry.npmjs.org/fs-extra/-/fs-extra-11.3.4.tgz 1013ms (cache miss)
913 http fetch GET 200 https://registry.npmjs.org/ip-address/-/ip-address-10.1.0.tgz 1059ms (cache miss)
914 http fetch GET 200 https://registry.npmjs.org/mime-types/-/mime-types-2.1.35.tgz 1039ms (cache miss)
915 http fetch GET 200 https://registry.npmjs.org/@llmcode/yamux-ts/-/yamux-ts-0.0.2.tgz 1072ms (cache miss)
916 http fetch GET 200 https://registry.npmjs.org/@hono/node-server/-/node-server-1.19.12.tgz 1118ms (cache miss)
917 http fetch GET 200 https://registry.npmjs.org/on-finished/-/on-finished-2.4.1.tgz 1113ms (cache miss)
918 http fetch GET 200 https://registry.npmjs.org/mime-db/-/mime-db-1.52.0.tgz 1314ms (cache miss)
919 http fetch GET 200 https://registry.npmjs.org/media-typer/-/media-typer-0.3.0.tgz 1319ms (cache miss)
920 http fetch GET 200 https://registry.npmjs.org/argparse/-/argparse-2.0.1.tgz 1334ms (cache miss)
921 http fetch GET 200 https://registry.npmjs.org/type-is/-/type-is-1.6.18.tgz 1356ms (cache miss)
922 http fetch GET 200 https://registry.npmjs.org/statuses/-/statuses-2.0.2.tgz 1357ms (cache miss)
923 http fetch GET 200 https://registry.npmjs.org/universalify/-/universalify-2.0.1.tgz 1368ms (cache miss)
924 http fetch GET 200 https://registry.npmjs.org/iconv-lite/-/iconv-lite-0.7.2.tgz 1433ms (cache miss)
925 http fetch GET 200 https://registry.npmjs.org/fresh/-/fresh-2.0.0.tgz 1430ms (cache miss)
926 http fetch GET 200 https://registry.npmjs.org/send/-/send-1.2.1.tgz 1466ms (cache miss)
927 http fetch GET 200 https://registry.npmjs.org/finalhandler/-/finalhandler-2.1.1.tgz 1493ms (cache miss)
928 http fetch GET 200 https://registry.npmjs.org/serve-static/-/serve-static-2.2.1.tgz 1493ms (cache miss)
929 http fetch GET 200 https://registry.npmjs.org/jose/-/jose-6.2.2.tgz 1529ms (cache miss)
930 http fetch GET 200 https://registry.npmjs.org/iconv-lite/-/iconv-lite-0.7.2.tgz 1521ms (cache miss)
931 http fetch GET 200 https://registry.npmjs.org/on-finished/-/on-finished-2.4.1.tgz 1526ms (cache miss)
932 http fetch GET 200 https://registry.npmjs.org/picomatch 1387ms (cache miss)
933 silly packumentCache corgi:https://registry.npmjs.org/picomatch set size:undefined disposed:false
934 http fetch GET 200 https://registry.npmjs.org/@tootallnate%2fonce 1433ms (cache miss)
935 silly packumentCache corgi:https://registry.npmjs.org/@tootallnate%2fonce set size:undefined disposed:false
936 http fetch GET 200 https://registry.npmjs.org/commander/-/commander-14.0.3.tgz 1655ms (cache miss)
937 http fetch GET 200 https://registry.npmjs.org/ws/-/ws-8.20.0.tgz 1678ms (cache miss)
938 http fetch GET 200 https://registry.npmjs.org/node-forge 1512ms (cache miss)
939 silly packumentCache corgi:https://registry.npmjs.org/node-forge set size:undefined disposed:false
940 http fetch GET 200 https://registry.npmjs.org/yaml 1544ms (cache miss)
941 silly packumentCache corgi:https://registry.npmjs.org/yaml set size:undefined disposed:false
942 http fetch GET 200 https://registry.npmjs.org/iconv-lite/-/iconv-lite-0.7.2.tgz 1758ms (cache miss)
943 http fetch GET 200 https://registry.npmjs.org/zod-to-json-schema/-/zod-to-json-schema-3.25.2.tgz 1799ms (cache miss)
944 http fetch GET 200 https://registry.npmjs.org/@xmldom%2fxmldom 1595ms (cache miss)
945 silly packumentCache corgi:https://registry.npmjs.org/@xmldom%2fxmldom set size:undefined disposed:false
946 http fetch GET 200 https://registry.npmjs.org/brace-expansion 1684ms (cache miss)
947 silly packumentCache corgi:https://registry.npmjs.org/brace-expansion set size:undefined disposed:false
948 silly packumentCache corgi:https://registry.npmjs.org/minimatch cache-miss
949 http fetch GET 200 https://registry.npmjs.org/@datadog/browser-rum-react/-/browser-rum-react-6.32.0.tgz 1932ms (cache miss)
950 http fetch GET 200 https://registry.npmjs.org/encodeurl/-/encodeurl-2.0.0.tgz 1962ms (cache miss)
951 http fetch GET 200 https://registry.npmjs.org/type-fest/-/type-fest-4.41.0.tgz 1986ms (cache miss)
952 http fetch GET 200 https://registry.npmjs.org/jschardet/-/jschardet-3.1.4.tgz 2031ms (cache miss)
953 http fetch GET 200 https://registry.npmjs.org/axios/-/axios-1.14.0.tgz 2057ms (cache miss)
954 http fetch GET 200 https://registry.npmjs.org/simple-git/-/simple-git-3.33.0.tgz 2100ms (cache miss)
955 http fetch GET 200 https://registry.npmjs.org/minimatch 186ms (cache miss)
956 silly packumentCache corgi:https://registry.npmjs.org/minimatch set size:undefined disposed:false
957 silly packumentCache corgi:https://registry.npmjs.org/anymatch cache-miss
958 silly packumentCache corgi:https://registry.npmjs.org/jest-util cache-miss
959 silly packumentCache corgi:https://registry.npmjs.org/micromatch cache-miss
960 silly packumentCache corgi:https://registry.npmjs.org/readdirp cache-miss
961 http fetch GET 200 https://registry.npmjs.org/markdown-it/-/markdown-it-14.1.1.tgz 2160ms (cache miss)
962 http fetch GET 200 https://registry.npmjs.org/anymatch 77ms (cache miss)
963 silly packumentCache corgi:https://registry.npmjs.org/anymatch set size:undefined disposed:false
964 http fetch GET 200 https://registry.npmjs.org/readdirp 92ms (cache miss)
965 silly packumentCache corgi:https://registry.npmjs.org/readdirp set size:undefined disposed:false
966 http fetch GET 200 https://registry.npmjs.org/micromatch 108ms (cache miss)
967 silly packumentCache corgi:https://registry.npmjs.org/micromatch set size:undefined disposed:false
968 http fetch GET 200 https://registry.npmjs.org/jest-util 356ms (cache miss)
969 silly packumentCache corgi:https://registry.npmjs.org/jest-util set size:undefined disposed:false
970 silly packumentCache corgi:https://registry.npmjs.org/@expo%2fcli cache-miss
971 silly packumentCache corgi:https://registry.npmjs.org/@expo%2fmetro-config cache-miss
972 silly packumentCache corgi:https://registry.npmjs.org/tinyglobby cache-miss
973 silly packumentCache corgi:https://registry.npmjs.org/fdir cache-miss
974 http fetch GET 200 https://registry.npmjs.org/tinyglobby 66ms (cache miss)
975 silly packumentCache corgi:https://registry.npmjs.org/tinyglobby set size:undefined disposed:false
976 http fetch GET 200 https://registry.npmjs.org/fdir 120ms (cache miss)
977 silly packumentCache corgi:https://registry.npmjs.org/fdir set size:undefined disposed:false
978 http fetch GET 200 https://registry.npmjs.org/@expo%2fcli 277ms (cache miss)
979 silly packumentCache corgi:https://registry.npmjs.org/@expo%2fcli set size:undefined disposed:false
980 http fetch GET 200 https://registry.npmjs.org/@expo%2fmetro-config 359ms (cache miss)
981 silly packumentCache corgi:https://registry.npmjs.org/@expo%2fmetro-config set size:undefined disposed:false
982 silly packumentCache corgi:https://registry.npmjs.org/http-proxy-agent cache-miss
983 http fetch GET 200 https://registry.npmjs.org/http-proxy-agent 72ms (cache miss)
984 silly packumentCache corgi:https://registry.npmjs.org/http-proxy-agent set size:undefined disposed:false
985 silly packumentCache corgi:https://registry.npmjs.org/@expo%2fplist cache-miss
986 silly packumentCache corgi:https://registry.npmjs.org/plist cache-miss
987 http fetch GET 200 https://registry.npmjs.org/plist 68ms (cache miss)
988 silly packumentCache corgi:https://registry.npmjs.org/plist set size:undefined disposed:false
989 http fetch GET 200 https://registry.npmjs.org/@expo%2fplist 155ms (cache miss)
990 silly packumentCache corgi:https://registry.npmjs.org/@expo%2fplist set size:undefined disposed:false
991 silly packumentCache corgi:https://registry.npmjs.org/@expo%2fcode-signing-certificates cache-miss
992 http fetch GET 200 https://registry.npmjs.org/ajv/-/ajv-8.18.0.tgz 3172ms (cache miss)
993 http fetch GET 200 https://registry.npmjs.org/hono/-/hono-4.12.9.tgz 3652ms (cache miss)
994 http fetch GET 200 https://registry.npmjs.org/@datadog/browser-core/-/browser-core-6.32.0.tgz 3883ms (cache miss)
995 http fetch GET 200 https://registry.npmjs.org/@datadog/browser-rum-core/-/browser-rum-core-6.32.0.tgz 3931ms (cache miss)
996 http fetch GET 200 https://registry.npmjs.org/@expo%2fcode-signing-certificates 826ms (cache miss)
997 silly packumentCache corgi:https://registry.npmjs.org/@expo%2fcode-signing-certificates set size:undefined disposed:false
998 silly packumentCache corgi:https://registry.npmjs.org/metro-config cache-miss
999 silly packumentCache corgi:https://registry.npmjs.org/postcss-load-config cache-miss
1000 silly packumentCache corgi:https://registry.npmjs.org/@testsprite%2ftestsprite-mcp cache-miss
1001 http cache https://registry.npmjs.org/@testsprite%2ftestsprite-mcp 7ms (cache hit)
1002 silly packumentCache corgi:https://registry.npmjs.org/@testsprite%2ftestsprite-mcp set size:46178 disposed:false
1003 http fetch GET 200 https://registry.npmjs.org/@modelcontextprotocol/sdk/-/sdk-1.29.0.tgz 4228ms (cache miss)
1004 http fetch GET 200 https://registry.npmjs.org/@datadog/browser-rum/-/browser-rum-6.32.0.tgz 4282ms (cache miss)
1005 http fetch GET 200 https://registry.npmjs.org/@testsprite/testsprite-mcp/-/testsprite-mcp-0.0.36.tgz 11657ms (cache miss)
1006 http fetch GET https://registry.npmjs.org/metro-config attempt 1 failed with ECONNRESET
1007 http fetch GET https://registry.npmjs.org/postcss-load-config attempt 1 failed with ECONNRESET
1008 http fetch GET 200 https://registry.npmjs.org/metro-config 25343ms attempt #2 (cache miss)
1009 silly packumentCache corgi:https://registry.npmjs.org/metro-config set size:undefined disposed:false
1010 http fetch GET 200 https://registry.npmjs.org/postcss-load-config 25474ms attempt #2 (cache miss)
1011 silly packumentCache corgi:https://registry.npmjs.org/postcss-load-config set size:undefined disposed:false
1012 silly packumentCache corgi:https://registry.npmjs.org/jsdom cache-miss
1013 http fetch GET 200 https://registry.npmjs.org/jsdom 104ms (cache miss)
1014 silly packumentCache corgi:https://registry.npmjs.org/jsdom set size:undefined disposed:false
1015 silly packumentCache corgi:https://registry.npmjs.org/jest-environment-jsdom cache-miss
1016 http fetch GET 200 https://registry.npmjs.org/jest-environment-jsdom 123ms (cache miss)
1017 silly packumentCache corgi:https://registry.npmjs.org/jest-environment-jsdom set size:undefined disposed:false
1018 silly packumentCache corgi:https://registry.npmjs.org/jest-expo cache-miss
1019 http fetch GET 200 https://registry.npmjs.org/jest-expo 278ms (cache miss)
1020 silly packumentCache corgi:https://registry.npmjs.org/jest-expo set size:undefined disposed:false
1021 silly ADD node_modules/media-typer
1022 silly ADD node_modules/stubborn-utils
1023 silly ADD node_modules/smart-buffer
1024 silly ADD node_modules/@kwsites/promise-deferred
1025 silly ADD node_modules/@kwsites/file-exists
1026 silly ADD node_modules/call-bound
1027 silly ADD node_modules/side-channel-weakmap
1028 silly ADD node_modules/side-channel-map
1029 silly ADD node_modules/side-channel-list
1030 silly ADD node_modules/object-inspect
1031 silly ADD node_modules/path-to-regexp
1032 silly ADD node_modules/is-promise
1033 silly ADD node_modules/string_decoder
1034 silly ADD node_modules/side-channel
1035 silly ADD node_modules/ipaddr.js
1036 silly ADD node_modules/forwarded
1037 silly ADD node_modules/retry
1038 silly ADD node_modules/typedarray
1039 silly ADD node_modules/readable-stream
1040 silly ADD node_modules/streamsearch
1041 silly ADD node_modules/concat-stream
1042 silly ADD node_modules/busboy
1043 silly ADD node_modules/append-field
1044 silly ADD node_modules/uc.micro
1045 silly ADD node_modules/punycode.js
1046 silly ADD node_modules/mdurl
1047 silly ADD node_modules/linkify-it
1048 silly ADD node_modules/eventemitter3
1049 silly ADD node_modules/jsonfile
1050 silly ADD node_modules/jsonfile/node_modules/universalify
1051 silly ADD node_modules/ip-address
1052 silly ADD node_modules/type-is
1053 silly ADD node_modules/router
1054 silly ADD node_modules/qs
1055 silly ADD node_modules/proxy-addr
1056 silly ADD node_modules/merge-descriptors
1057 silly ADD node_modules/cookie-signature
1058 silly ADD node_modules/cookie
1059 silly ADD node_modules/content-disposition
1060 silly ADD node_modules/body-parser
1061 silly ADD node_modules/body-parser/node_modules/on-finished
1062 silly ADD node_modules/body-parser/node_modules/iconv-lite
1063 silly ADD node_modules/mimic-function
1064 silly ADD node_modules/when-exit
1065 silly ADD node_modules/stubborn-fs
1066 silly ADD node_modules/uint8array-extras
1067 silly ADD node_modules/env-paths
1068 silly ADD node_modules/dot-prop
1069 silly ADD node_modules/dot-prop/node_modules/type-fest
1070 silly ADD node_modules/debounce-fn
1071 silly ADD node_modules/atomically
1072 silly ADD node_modules/proxy-from-env
1073 silly ADD node_modules/follow-redirects
1074 silly ADD node_modules/require-from-string
1075 silly ADD node_modules/json-schema-traverse
1076 silly ADD node_modules/fast-uri
1077 silly ADD node_modules/raw-body
1078 silly ADD node_modules/raw-body/node_modules/iconv-lite
1079 silly ADD node_modules/pkce-challenge
1080 silly ADD node_modules/json-schema-typed
1081 silly ADD node_modules/jose
1082 silly ADD node_modules/express-rate-limit
1083 silly ADD node_modules/eventsource-parser
1084 silly ADD node_modules/eventsource
1085 silly ADD node_modules/cors
1086 silly ADD node_modules/content-type
1087 silly ADD node_modules/ajv-formats
1088 silly ADD node_modules/ajv
1089 silly ADD node_modules/hono
1090 silly ADD node_modules/@hono/node-server
1091 silly ADD node_modules/@datadog/browser-rum-core
1092 silly ADD node_modules/@datadog/browser-core
1093 silly ADD node_modules/zod-to-json-schema
1094 silly ADD node_modules/socks
1095 silly ADD node_modules/simple-git
1096 silly ADD node_modules/proper-lockfile
1097 silly ADD node_modules/multer
1098 silly ADD node_modules/multer/node_modules/mime-db
1099 silly ADD node_modules/multer/node_modules/mime-types
1100 silly ADD node_modules/multer/node_modules/media-typer
1101 silly ADD node_modules/multer/node_modules/type-is
1102 silly ADD node_modules/markdown-it
1103 silly ADD node_modules/markdown-it/node_modules/argparse
1104 silly ADD node_modules/jschardet
1105 silly ADD node_modules/http-proxy
1106 silly ADD node_modules/fs-extra
1107 silly ADD node_modules/fs-extra/node_modules/universalify
1108 silly ADD node_modules/express
1109 silly ADD node_modules/express/node_modules/statuses
1110 silly ADD node_modules/express/node_modules/serve-static
1111 silly ADD node_modules/express/node_modules/send
1112 silly ADD node_modules/express/node_modules/on-finished
1113 silly ADD node_modules/express/node_modules/fresh
1114 silly ADD node_modules/express/node_modules/finalhandler
1115 silly ADD node_modules/express/node_modules/encodeurl
1116 silly ADD node_modules/conf
1117 silly ADD node_modules/cli-progress
1118 silly ADD node_modules/axios
1119 silly ADD node_modules/@modelcontextprotocol/sdk
1120 silly ADD node_modules/@llmcode/yamux-ts
1121 silly ADD node_modules/@datadog/browser-rum-react
1122 silly ADD node_modules/@datadog/browser-rum
1123 silly ADD node_modules/@testsprite/testsprite-mcp
1124 silly ADD node_modules/@testsprite/testsprite-mcp/node_modules/ws
1125 silly ADD node_modules/@testsprite/testsprite-mcp/node_modules/iconv-lite
1126 silly ADD node_modules/@testsprite/testsprite-mcp/node_modules/commander
1127 verbose cwd C:\Railan\New folder\tabungin
1128 verbose os Windows_NT 10.0.26200
1129 verbose node v22.16.0
1130 verbose npm  v11.7.0
1131 notice
1131 notice New minor version of npm available! 11.7.0 -> 11.12.1
1131 notice Changelog: https://github.com/npm/cli/releases/tag/v11.12.1
1131 notice To update run: npm install -g npm@11.12.1
1131 notice  { force: true, [Symbol(proc-log.meta)]: true }
1132 verbose exit 0
1133 info ok
